[
    {
        "ID": "1.",
        "Labels": [],
        "Text": "Discrimination undermines the fulfilment of economic, social and cultural rights for a significant proportion of the world’s population. Economic growth has not, in itself, led to sustainable development, and individuals and groups of individuals continue to face socio‑economic inequality, often because of entrenched historical and contemporary forms of discrimination."
    },
    {
        "ID": "2.",
        "Labels": [],
        "Text": "Non-discrimination and equality are fundamental components of international human rights law and essential to the exercise and enjoyment of economic, social and cultural rights. Article 2, paragraph 2, of the International Covenant on Economic, Social and Cultural Rights (the Covenant) obliges each State party “to guarantee that the rights enunciated in the present Covenant will be exercised without discrimination of any kind as to race, colour, sex, language, religion, political or other opinion, national or social origin, property, birth or other status”."
    },
    {
        "ID": "3.",
        "Labels": [],
        "Text": "The principles of non-discrimination and equality are recognized throughout the Covenant. The preamble stresses the “equal and inalienable rights of all” and the Covenant expressly recognizes the rights of “everyone” to the various Covenant rights such as, inter alia, the right to work, just and favourable conditions of work, trade union freedoms, social security, an adequate standard of living, health and education and participation in cultural life. "
    },
    {
        "ID": "4.",
        "Labels": [
            "Women/girls",
            "Children",
            "Adolescents"
        ],
        "Text": "The Covenant also explicitly mentions the principles of non-discrimination and equality with respect to some individual rights. Article 3 requires States to undertake to ensure the equal right of men and women to enjoy the Covenant rights and article 7 includes the “right to equal remuneration for work of equal value” and “equal opportunity for everyone to be promoted” in employment. Article 10 stipulates that, inter alia, mothers should be accorded special protection during a reasonable period before and after childbirth and that special measures of protection and assistance should be taken for children and young persons without discrimination. Article 13 recognizes that “primary education shall be compulsory and available free to all” and provides that “higher education shall be made equally accessible to all”."
    },
    {
        "ID": "5.",
        "Labels": [
            "Migrants",
            "Women/girls",
            "Persons with disabilities",
            "Non-citizens and stateless"
        ],
        "Text": "The preamble, Articles 1, paragraph 3, and 55, of the Charter of the United Nations and article 2, paragraph 1, of the Universal Declaration of Human Rights prohibit discrimination in the enjoyment of economic, social and cultural rights. International treaties on racial discrimination, discrimination against women and the rights of refugees, stateless persons, children, migrant workers and members of their families, and persons with disabilities include the exercise of economic, social and cultural rights, while other treaties require the elimination of discrimination in specific fields, such as employment and education. In addition to the common provision on equality and non-discrimination in both the Covenant and the International Covenant on Civil and Political Rights, article 26 of the International Covenant on Civil and Political Rights contains an independent guarantee of equal and effective protection before and of the law."
    },
    {
        "ID": "6.",
        "Labels": [
            "Women/girls",
            "Persons with disabilities"
        ],
        "Text": "In previous general comments, the Committee on Economic, Social and Cultural Rights has considered the application of the principle of non-discrimination to specific Covenant rights relating to housing, food, education, health, water, authors’ rights, work and social security. Moreover, general comment No. 16 focuses on State parties’ obligations under article 3 of the Covenant to ensure equal rights of men and women to the enjoyment of all Covenant rights, while general comments Nos. 5 and 6 respectively concern the rights of persons with disabilities and older persons. The present general comment aims to clarify the Committee’s understanding of the provisions of article 2, paragraph 2, of the Covenant, including the scope of State obligations (Part II), the prohibited grounds of discrimination (Part III), and national implementation (Part IV)."
    },
    {
        "ID": "7.",
        "Labels": [],
        "Text": "Non-discrimination is an immediate and cross-cutting obligation in the Covenant. Article 2, paragraph 2, requires States parties to guarantee non-discrimination in the exercise of each of the economic, social and cultural rights enshrined in the Covenant and can only be applied in conjunction with these rights. It is to be noted that discrimination constitutes any distinction, exclusion, restriction or preference or other differential treatment that is directly or indirectly based on the prohibited grounds of discrimination and which has the intention or effect of nullifying or impairing the recognition, enjoyment or exercise, on an equal footing, of Covenant rights. Discrimination also includes incitement to discriminate and harassment."
    },
    {
        "ID": "8.",
        "Labels": [
            "Women/girls",
            "Children",
            "Persons living in rural/remote areas"
        ],
        "Text": "In order for States parties to “guarantee” that the Covenant rights will be exercised without discrimination of any kind, discrimination must be eliminated both formally and substantively:\r\n(a)Formal discrimination: Eliminating formal discrimination requires ensuring that a State’s constitution, laws and policy documents do not discriminate on prohibited grounds; for example, laws should not deny equal social security benefits to women on the basis of their marital status;\r\n(b)Substantive discrimination: Merely addressing formal discrimination will not ensure substantive equality as envisaged and defined by article 2, paragraph 2. The effective enjoyment of Covenant rights is often influenced by whether a person is a member of a group characterized by the prohibited grounds of discrimination. Eliminating discrimination in practice requires paying sufficient attention to groups of individuals which suffer historical or persistent prejudice instead of merely comparing the formal treatment of individuals in similar situations. States parties must therefore immediately adopt the necessary measures to prevent, diminish and eliminate the conditions and attitudes which cause or perpetuate substantive or de factodiscrimination. For example, ensuring that all individuals have equal access to adequate housing, water and sanitation will help to overcome discrimination against women and girl children and persons living in informal settlements and rural areas."
    },
    {
        "ID": "9.",
        "Labels": [
            "Persons with disabilities"
        ],
        "Text": "In order to eliminate substantive discrimination, States parties may be, and in some cases are, under an obligation to adopt special measures to attenuate or suppress conditions that perpetuate discrimination. Such measures are legitimate to the extent that they represent reasonable, objective and proportional means to redress de facto discrimination and are discontinued when substantiveequality has been sustainably achieved. Such positive measures may exceptionally, however, need to be of a permanent nature, such as interpretation services for linguistic minorities and reasonable accommodation of persons with sensory impairments in accessing health-care facilities."
    },
    {
        "ID": "10.",
        "Labels": [
            "Women/girls"
        ],
        "Text": "Both direct and indirect forms of differential treatment can amount to discrimination under article 2, paragraph 2, of the Covenant:\r\n(a) Direct discriminationoccurs when an individual is treated less favourably than another person in a similar situation for a reason related to a prohibited ground; e.g. where employment in educational or cultural institutions or membership of a trade union is based on the political opinions of applicants or employees. Direct discrimination also includes detrimental acts or omissions on the basis of prohibited grounds where there is no comparable similar situation (e.g. the case of a woman who is pregnant);\r\n(b) Indirect discrimination refers to laws, policies or practices which appear neutral at face value, but have a disproportionate impact on the exercise of Covenant rights as distinguished by prohibited grounds of discrimination. For instance, requiring a birth registration certificate for school enrolment may discriminate against ethnic minorities or non-nationals who do not possess, or have been denied, such certificates."
    },
    {
        "ID": "11.",
        "Labels": [
            "Women/girls",
            "Children",
            "Persons with disabilities"
        ],
        "Text": "Discrimination is frequently encountered in families, workplaces, and other sectors of society. For example, actors in the private housing sector (e.g. private landlords, credit providers and public housing providers) may directly or indirectly deny access to housing or mortgages on the basis of ethnicity, marital status, disability or sexual orientation while some families may refuse to send girl children to school. States parties must therefore adopt measures, which should include legislation, to ensure that individuals and entities in the private sphere do not discriminate on prohibited grounds."
    },
    {
        "ID": "12.",
        "Labels": [],
        "Text": "The Committee has regularly found that discrimination against some groups is pervasive and persistent and deeply entrenched in social behaviour and organization, often involving unchallenged or indirect discrimination. Such systemic discrimination can be understood as legal rules, policies, practices or predominant cultural attitudes in either the public or private sector which create relative disadvantages for some groups, and privileges for other groups."
    },
    {
        "ID": "13.",
        "Labels": [],
        "Text": "Differential treatment based on prohibited grounds will be viewed as discriminatory unless the justification for differentiation is reasonable and objective. This will include an assessment as to whether the aim and effects of the measures or omissions are legitimate, compatible with the nature of the Covenant rights and solely for the purpose of promoting the general welfare in a democratic society. In addition, there must be a clear and reasonable relationship of proportionality between the aim sought to be realized and the measures or omissions and their effects. A failure to remove differential treatment on the basis of a lack of available resources is not an objective and reasonable justification unless every effort has been made to use all resources that are at the State party’s disposition in an effort to address and eliminate the discrimination, as a matter of priority."
    },
    {
        "ID": "14.",
        "Labels": [],
        "Text": "Under international law, a failure to act in good faith to comply with the obligation in article 2, paragraph 2, to guarantee that the rights enunciated in the Covenant will be exercised without discrimination amounts to a violation. Covenant rights can be violated through the direct action or omission by States parties, including through their institutions or agencies at the national and local levels. States parties should also ensure that they refrain from discriminatory practices in international cooperation and assistance and take steps to ensure that all actors under their jurisdiction do likewise."
    },
    {
        "ID": "15.",
        "Labels": [],
        "Text": "Article 2, paragraph 2, lists the prohibited grounds of discrimination as “race, colour, sex, language, religion, political or other opinion, national or social origin, property, birth or other status”. The inclusion of “other status” indicates that this list is not exhaustive and other grounds may be incorporated in this category. The express grounds and a number of implied grounds under “other status” are discussed below. The examples of differential treatment presented in this section are merely illustrative and they are not intended to represent the full scope of possible discriminatory treatment under the relevant prohibited ground, nor a conclusive finding that such differential treatment will amount to discrimination in every situation."
    },
    {
        "ID": "16.",
        "Labels": [
            "Children"
        ],
        "Text": "In determining whether a person is distinguished by one or more of the prohibited grounds, identification shall, if no justification exists to the contrary, be based upon self-identification by the individual concerned. Membership also includes association with a group characterized by one of the prohibited grounds (e.g. the parent of a child with a disability) or perception by others that an individual is part of such a group (e.g. a person has a similar skin colour or is a supporter of the rights of a particular group or a past member of a group)."
    },
    {
        "ID": "17.",
        "Labels": [
            "Women/girls"
        ],
        "Text": "Some individuals or groups of individuals face discrimination on more than one of the prohibited grounds, for example women belonging to an ethnic or religious minority. Such cumulative discriminationhas a unique and specific impact onindividuals and merits particular consideration and remedying."
    },
    {
        "ID": "18.",
        "Labels": [
            "Indigenous peoples"
        ],
        "Text": "The Committee has consistently raised concern over formal and substantive discrimination across a wide range of Covenant rights against indigenous peoples and ethnic minorities among others."
    },
    {
        "ID": "19.",
        "Labels": [],
        "Text": "Discrimination on the basis of “race and colour”, which includes an individual’s ethnic origin, is prohibited by the Covenant as well as by other treaties including the International Convention on the Elimination of Racial Discrimination. The use of the term “race” in the Covenant or the present general comment does not imply the acceptance of theories which attempt to determine the existence of separate human races."
    },
    {
        "ID": "20. ",
        "Labels": [
            "Women/girls"
        ],
        "Text": "The Covenant guarantees the equal right of men and women to the enjoyment of economic, social and cultural rights. Since the adoption of the Covenant, the notion of the prohibited ground “sex” has evolved considerably to cover not only physiological characteristics but also the social construction of gender stereotypes, prejudices and expected roles, which have created obstacles to the equal fulfilment of economic, social and cultural rights. Thus, the refusal to hire a woman, on the ground that she might become pregnant, or the allocation of low-level or part ‑ time jobs to women based on the stereotypical assumption that, for example, they are unwilling to commit as much time to their work as men, constitutes discrimination. Refusal to grant paternity leave may also amount to discrimination against men."
    },
    {
        "ID": "21.",
        "Labels": [],
        "Text": "Discrimination on the basis of language or regional accent is often closely linked to unequal treatment on the basis of national or ethnic origin. Language barriers can hinder the enjoyment of many Covenant rights, including the right to participate in cultural life as guaranteed by article 15 of the Covenant. Therefore, information about public services and goods, for example, should also be available, as far as possible, in languages spoken by minorities, and States parties should ensure that any language requirements relating to employment and education are based on reasonable and objective criteria."
    },
    {
        "ID": "22.",
        "Labels": [],
        "Text": "This prohibited ground of discrimination covers the profession of religion or belief of one’s choice (including the non-profession of any religion or belief), that may be publicly or privately manifested in worship, observance, practice and teaching. For instance, discrimination arises when persons belonging to a religious minority are denied equal access to universities, employment, or health services on the basis of their religion."
    },
    {
        "ID": "23.",
        "Labels": [],
        "Text": "Political and other opinions are often grounds for discriminatory treatment and include both the holding and not-holding of opinions, as well as expression of views or membership within opinion-based associations, trade unions or political parties. Access to food assistance schemes, for example, must not be made conditional on an expression of allegiance to a particular political party."
    },
    {
        "ID": "24.",
        "Labels": [],
        "Text": "“National origin” refers to a person’s State, nation, or place of origin. Due to such personal circumstances, individuals and groups of individuals may face systemic discrimination in both the public and private sphere in the exercise of their Covenant rights. “Social origin” refers to a person’s inherited social status, which is discussed more fully below in the context of “property” status, descent-based discriminationunder “birth”and “economic and social status”."
    },
    {
        "ID": "25.",
        "Labels": [],
        "Text": "Property status, as a prohibited ground of discrimination, is a broad concept and includes real property (e.g. land ownership or tenure) and personal property (e.g. intellectual property, goods and chattels, and income), or the lack of it. The Committee has previously commented thatCovenant rights, such as access to water services and protection from forced eviction, should not be made conditional on a person’s land tenure status, such as living in an informal settlement."
    },
    {
        "ID": "26.",
        "Labels": [
            "Children",
            "Adolescents",
            "Non-citizens and stateless"
        ],
        "Text": "Discrimination based on birth is prohibited and article 10, paragraph 3, of the Covenant specifically states, for example, that special measures should be taken on behalf of children and young persons “without any discrimination for reasons of parentage”. Distinctions must therefore not be made against those who are born out of wedlock, born of stateless parents or are adopted or constitute the families of such persons. The prohibited ground of birth also includes descent, especially on the basis of caste and analogous systems of inherited status. States parties should take steps, for instance, to prevent, prohibit and eliminate discriminatory practices directed against members of descent-based communities and act against the dissemination of ideas of superiority and inferiority on the basis of descent."
    },
    {
        "ID": "27.",
        "Labels": [],
        "Text": "The nature of discriminationvaries according to context and evolves over time. A flexible approach to the ground of “other status” is thus needed in order to capture other forms of differential treatment that cannot be reasonably and objectively justified and are of a comparable nature to the expressly recognized grounds in article 2, paragraph 2. These additional grounds are commonly recognized when they reflect the experience of social groups that are vulnerable and have suffered and continue to suffer marginalization. The Committee’s general comments and concluding observations have recognized various other grounds and these are described in more detail below. However, this list is not intended to be exhaustive. Other possible prohibited grounds could include the denial of a person’s legal capacity because he or she is in prison, or is involuntarily interned in a psychiatric institution, or the intersection of two prohibited grounds of discrimination, e.g. where access to a social service is denied on the basis of sex and disability."
    },
    {
        "ID": "28.",
        "Labels": [
            "Persons with disabilities"
        ],
        "Text": "In its general comment No. 5, the Committee defined discrimination against persons with disabilities as “any distinction, exclusion, restriction or preference, or denial of reasonable accommodation based on disability which has the effect of nullifying or impairing the recognition, enjoyment or exercise of economic, social or cultural rights”. The denial of reasonable accommodation should be included in national legislation as a prohibited form of discrimination on the basis of disability. States parties should address discrimination, such as prohibitions on the right to education, and denial of reasonable accommodation in public places such as public health facilities and the workplace, as well as in private places, e.g. as long as spaces are designed and built in ways that make them inaccessible to wheelchairs, such users will be effectively denied their right to work."
    },
    {
        "ID": "29.",
        "Labels": [
            "Adolescents",
            "Persons living in poverty"
        ],
        "Text": "Age is a prohibited ground of discrimination in several contexts. The Committee has highlighted the need to address discrimination against unemployed older persons in finding work, or accessing professional training or retraining, and against older persons living in poverty with unequal access to universal old-age pensions due to their place of residence. In relation to young persons, unequal access by adolescents to sexual and reproductive health information and services amounts to discrimination."
    },
    {
        "ID": "30.",
        "Labels": [
            "Migrants",
            "Children",
            "Non-citizens and stateless"
        ],
        "Text": "The ground of nationality should not bar access to Covenant rights, e.g. all children within a State, including those with an undocumented status, have a right to receive education and access to adequate food and affordable health care. The Covenant rights apply to everyone including non-nationals, such as refugees, asylum-seekers, stateless persons, migrant workers and victims of international trafficking, regardless of legal status and documentation."
    },
    {
        "ID": "31.",
        "Labels": [
            "Children"
        ],
        "Text": "Marital and family status may differ between individuals because, inter alia, they are married or unmarried, married under a particular legal regime, in a de facto relationship or one not recognized by law, divorced or widowed, live in an extended family or kinship group or have differing kinds of responsibility for children and dependants or a particular number of children. Differential treatment in access to social security benefits on the basis of whether an individual is married must be justified on reasonable and objective criteria. In certain cases, discrimination can also occur when an individual is unable to exercise a right protected by the Covenant because of his or her family status or can only do so with spousal consent or a relative’s concurrence or guarantee."
    },
    {
        "ID": "32.",
        "Labels": [
            "Women/girls",
            "LGBTI+"
        ],
        "Text": "“Other status” as recognized in article 2, paragraph 2, includes sexual orientation. States parties should ensure that a person’s sexual orientation is not a barrier to realizing Covenant rights, for example, in accessing survivor’s pension rights. In addition, gender identity is recognized as among the prohibited grounds of discrimination; for example, persons who are transgender, transsexual or intersex often face serious human rights violations, such as harassment in schools or in the workplace."
    },
    {
        "ID": "33.",
        "Labels": [
            "Women/girls",
            "Persons living with HIV/AIDS"
        ],
        "Text": "Health status refers to a person’s physical or mental health. States parties should ensure that a person’s actual or perceived health status is not a barrier to realizing the rights under the Covenant. The protection of public health is often cited by States as a basis for restricting human rights in the context of a person’s health status. However, many such restrictions are discriminatory, for example, when HIV status is used as the basis for differential treatment with regard to access to education, employment, health care, travel, social security, housing and asylum. States parties should also adopt measures to address widespread stigmatization of persons on the basis of their health status, such as mental illness, diseases such as leprosy and women who have suffered obstetric fistula, which often undermines the ability of individuals to enjoy fully their Covenant rights. Denial of access to health insurance on the basis of health status will amount to discrimination if no reasonable or objective criteria can justify such differentiation."
    },
    {
        "ID": "34.",
        "Labels": [
            "Persons living in rural/remote areas",
            "Internally displaced persons"
        ],
        "Text": "The exercise of Covenant rights should not be conditional on, or determined by, a person’s current or former place of residence; e.g. whether an individual lives or is registered in an urban or a rural area, in a formal or an informal settlement, is internally displaced or leads a nomadic lifestyle. Disparities between localities and regions should be eliminated in practice by ensuring, for example, that there is even distribution in the availability and quality of primary, secondary and palliative health-care facilities."
    },
    {
        "ID": "35.",
        "Labels": [
            "Persons in street situations",
            "Persons living in poverty"
        ],
        "Text": "Individuals and groups of individuals must not be arbitrarily treated on account of belonging to a certain economic or social group or strata within society. A person’s social and economic situation when living in poverty or being homeless may result in pervasive discrimination, stigmatization and negative stereotyping which can lead to the refusal of, or unequal access to, the same quality of education and health care as others, as well as the denial of or unequal access to public places."
    },
    {
        "ID": "36.",
        "Labels": [],
        "Text": "In addition to refraining from discriminatory actions, States parties should take concrete, deliberate and targeted measures to ensure that discrimination in the exercise of Covenant rights is eliminated. Individuals and groups of individuals, who may be distinguished by one or more of the prohibited grounds, should be ensured the right to participate in decision-making processes over the selection of such measures. States parties should regularly assess whether the measures chosen are effective in practice."
    },
    {
        "ID": "37.",
        "Labels": [],
        "Text": "Adoption of legislation to address discrimination is indispensable in complying with article 2, paragraph 2. States parties are therefore encouraged to adopt specific legislation that prohibits discrimination in the field of economic, social and cultural rights. Such laws should aim at eliminating formal and substantive discrimination, attribute obligations to public and private actors and cover the prohibited grounds discussed above. Other laws should be regularly reviewed and, where necessary, amended in order to ensure that they do not discriminate or lead to discrimination, whether formally or substantively, in relation to the exercise and enjoyment of Covenant rights."
    },
    {
        "ID": "38.",
        "Labels": [],
        "Text": "States parties should ensure that strategies, policies, and plans of action are in place and implemented in order to address both formalandsubstantive discrimination by public and private actors in the area of Covenant rights. Such policies, plans and strategies should address all groups distinguished by the prohibited grounds and States parties are encouraged, among other possible steps, to adopt temporary special measures in order to accelerate the achievement of equality. Economic policies, such as budgetary allocations and measures to stimulate economic growth, should pay attention to the need to guarantee the effective enjoyment of the Covenant rights without discrimination. Public and private institutions should be required to develop plans of action to address non-discrimination and the State should conduct human rights education and training programmes for public officials and make such training available to judges and candidates for judicial appointments. Teaching on the principles of equality and non‑discrimination should be integrated in formal and non-formal inclusive and multicultural education, with a view to dismantling notions of superiority or inferiority based on prohibited grounds and to promote dialogue and tolerance between different groups in society. States parties should also adopt appropriate preventive measures to avoid the emergence of new marginalized groups."
    },
    {
        "ID": "39.",
        "Labels": [],
        "Text": "States parties must adopt an active approach to eliminating systemic discrimination and segregation in practice. Tackling such discrimination will usually require a comprehensive approach with a range of laws, policies and programmes, including temporary special measures. States parties should consider using incentives to encourage public and private actors to change their attitudes and behaviour in relation to individuals and groups of individuals facing systemic discrimination, or penalize them in case of non-compliance. Public leadership and programmes to raise awareness about systemic discrimination and the adoption of strict measures against incitement to discrimination are often necessary. Eliminating systemic discrimination will frequently require devoting greater resources to traditionally neglected groups. Given the persistent hostility towards some groups, particular attention will need to be given to ensuring that laws and policies are implemented by officials and others in practice."
    },
    {
        "ID": "40.",
        "Labels": [],
        "Text": "National legislation, strategies, policies and plans should provide for mechanisms and institutions that effectively address the individual and structural nature of the harm caused by discrimination in the field of economic, social and cultural rights. Institutions dealing with allegations of discrimination customarily include courts and tribunals, administrative authorities, national human rights institutions and/or ombudspersons, which should be accessible to everyone without discrimination. These institutions should adjudicate or investigate complaints promptly, impartially, and independently and address alleged violations relating to article 2, paragraph 2, including actions or omissions by private actors. Where the facts and events at issue lie wholly, or in part, within the exclusive knowledge of the authorities or other respondent, the burden of proof should be regarded as resting on the authorities, or the other respondent, respectively. These institutions should also be empowered to provide effective remedies, such as compensation, reparation, restitution, rehabilitation, guarantees of non-repetition and public apologies, and State parties should ensure that these measures are effectively implemented. Domestic legal guarantees of equality and non-discrimination should be interpreted by these institutions in ways which facilitate and promote the full protection of economic, social and cultural rights."
    },
    {
        "ID": "41.",
        "Labels": [],
        "Text": "States parties are obliged to monitor effectively the implementation of measures to comply with article 2, paragraph 2, of the Covenant. Monitoring should assess both the steps taken and the results achieved in the elimination of discrimination. National strategies, policies and plans should use appropriate indicators and benchmarks, disaggregated on the basis of the prohibited grounds of discrimination. "
    }
]