[
    {
        "ID": "1. ",
        "Labels": [],
        "Text": "Recommends that the States parties favourably consider amending article 20 of the Convention in respect of the meeting time of the Committee, so as to allow it to meet annually for such duration as is necessary for the effective performance of its functions under the Convention, with no specific restriction except for that which the General Assembly shall decide;"
    },
    {
        "ID": "2. ",
        "Labels": [],
        "Text": "Recommends also that the General Assembly, pending the completion of an\r\namendment process, authorize the Committee to meet exceptionally in 1996 for two sessions, each of three weeks’ duration and each being preceded by pre-session working groups;"
    },
    {
        "ID": "3. ",
        "Labels": [],
        "Text": "Recommends further that the meeting of States parties receive an oral report from the Chairperson of the Committee on the difficulties faced by the Committee in performing its functions;"
    },
    {
        "ID": "4.",
        "Labels": [],
        "Text": "Recommends that the Secretary-General make available to the States parties at their meeting all relevant information on the workload of the Committee and comparative information in respect of the other human rights treaty bodies."
    }
]