[
    {
        "ID": "1.",
        "Labels": [],
        "Text": "This general comment replaces general comment No. 10 (nineteenth session)."
    },
    {
        "ID": "2.",
        "Labels": [],
        "Text": "Freedom of opinion and freedom of expression are indispensable conditions for the full development of the person. They are essential for any society. They constitute the foundation stone for every free and democratic society. The two freedoms are closely related, with freedom of expression providing the vehicle for the exchange and development of opinions."
    },
    {
        "ID": "3.",
        "Labels": [],
        "Text": "Freedom of expression is a necessary condition for the realization of the principles of transparency and accountability that are, in turn, essential for the promotion and protection of human rights."
    },
    {
        "ID": "4. ",
        "Labels": [],
        "Text": "Among the other articles that contain guarantees for freedom of opinion and/or expression, are articles 18, 17, 25 and 27. The freedoms of opinion and expression form a basis for the full enjoyment of a wide range of other human rights. For instance, freedom of expression is integral to the enjoyment of the rights to freedom of assembly and association, and the exercise of the right to vote."
    },
    {
        "ID": "5.",
        "Labels": [],
        "Text": "Taking account of the specific terms of article 19, paragraph 1, as well as the relationship of opinion and thought (article 18), a reservation to paragraph 1 would be incompatible with the object and purpose of the Covenant.Furthermore, although freedom of opinion is not listed among those rights that may not be derogated from pursuant to the provisions of article 4 of the Covenant, it is recalled that, “in those provisions of the Covenant that are not listed in article 4, paragraph 2, there are elements that in the Committee’s opinion cannot be made subject to lawful derogation under article 4”.Freedom of opinion is one such element, since it can never become necessary to derogate from it during a state of emergency."
    },
    {
        "ID": "6.",
        "Labels": [],
        "Text": "Taking account of the relationship of freedom of expression to the other rights in the Covenant, while reservations to particular elements of article 19, paragraph 2, may be acceptable, a general reservation to the rights set out in paragraph 2 would be incompatible with the object and purpose of the Covenant."
    },
    {
        "ID": "7.",
        "Labels": [],
        "Text": "The obligation to respect freedoms of opinion and expression is binding on every State party as a whole. All branches of the State (executive, legislative and judicial) and other public or governmental authorities, at whatever level – national, regional or local – are in a position to engage the responsibility of the State party. Such responsibility may also be incurred by a State party under some circumstances in respect of acts of semi-State entities. The obligation also requires States parties to ensure that persons are protected from any acts by private persons or entities that would impair the enjoyment of the freedoms of opinion and expression to the extent that these Covenant rights are amenable to application between private persons or entities."
    },
    {
        "ID": "8.",
        "Labels": [],
        "Text": "States parties are required to ensure that the rights contained in article 19 of the Covenant are given effect to in the domestic law of the State, in a manner consistent with the guidance provided by the Committee in its general comment No. 31 on the nature of the general legal obligation imposed on States parties to the Covenant. It is recalled that States parties should provide the Committee, in accordance with reports submitted pursuant to article 40, with the relevant domestic legal rules, administrative practices and judicial decisions, as well as relevant policy level and other sectorial practices relating to the rights protected by article 19, taking into account the issues discussed in the present general comment. They should also include information on remedies available if those rights are violated."
    },
    {
        "ID": "9.",
        "Labels": [
            "Persons with disabilities"
        ],
        "Text": "Paragraph 1 of article 19 requires protection of the right to hold opinions without interference. This is a right to which the Covenant permits no exception or restriction. Freedom of opinion extends to the right to change an opinion whenever and for whatever reason a person so freely chooses. No person may be subject to the impairment of any rights under the Covenant on the basis of his or her actual, perceived or supposed opinions. All forms of opinion are protected, including opinions of a political, scientific, historic, moral or religious nature. It is incompatible with paragraph 1 to criminalize the holding of an opinion.The harassment, intimidation or stigmatization of a person, including arrest, detention, trial or imprisonment for reasons of the opinions they may hold, constitutes a violation of article 19, paragraph 1."
    },
    {
        "ID": "10.",
        "Labels": [],
        "Text": "Any form of effort to coerce the holding or not holding of any opinion is prohibited. Freedom to express one’s opinion necessarily includes freedom not to express one’s opinion."
    },
    {
        "ID": "11.",
        "Labels": [],
        "Text": "Paragraph 2 requires States parties to guarantee the right to freedom of expression, including the right to seek, receive and impart information and ideas of all kinds regardless of frontiers. This right includes the expression and receipt of communications of every form of idea and opinion capable of transmission to others, subject to the provisions in article 19, paragraph 3, and article 20. It includes political discourse,commentary on one’s ownand on public affairs,canvassing,discussion of human rights,journalism,cultural and artistic expression, teaching, and religious discourse.It may also include commercial advertising. The scope of paragraph 2 embraces even expression that may be regarded as deeply offensive, although such expression may be restricted in accordance with the provisions of article 19, paragraph 3 and article 20."
    },
    {
        "ID": "12.",
        "Labels": [],
        "Text": "Paragraph 2 protects all forms of expression and the means of their dissemination. Such forms include spoken, written and sign language and such non-verbal expression as images and objects of art.Means of expression include books, newspapers, pamphlets,posters, banners, dressand legal submissions. They include all forms of audio-visual as well as electronic and internet-based modes of expression."
    },
    {
        "ID": "13.",
        "Labels": [],
        "Text": "A free, uncensored and unhindered press or other media is essential in any society to ensure freedom of opinion and expression and the enjoyment of other Covenant rights. It constitutes one of the cornerstones of a democratic society. The Covenant embraces a right whereby the media may receive information on the basis of which it can carry out its function.The free communication of information and ideas about public and political issues between citizens, candidates and elected representatives is essential. This implies a free press and other media able to comment on public issues without censorship or restraint and to inform public opinion.The public also has a corresponding right to receive media output."
    },
    {
        "ID": "14.",
        "Labels": [],
        "Text": "As a means to protect the rights of media users, including members of ethnic and linguistic minorities, to receive a wide range of information and ideas, States parties should take particular care to encourage an independent and diverse media."
    },
    {
        "ID": "15.",
        "Labels": [],
        "Text": "States parties should take account of the extent to which developments in information and communication technologies, such as internet and mobile based electronic information dissemination systems, have substantially changed communication practices around the world.  There is now a global network for exchanging ideas and opinions that does not necessarily rely on the traditional mass media intermediaries.  States parties should take all necessary steps to foster the independence of these new media and to ensure access of individuals thereto."
    },
    {
        "ID": "16.",
        "Labels": [],
        "Text": "States parties should ensure that public broadcasting services operate in an independent manner. In this regard, States parties should guarantee their independence and editorial freedom. They should provide funding in a manner that does not undermine their independence."
    },
    {
        "ID": "17.",
        "Labels": [],
        "Text": "Issues concerning the media are discussed further in the section of this general comment that addresses restrictions on freedom of expression."
    },
    {
        "ID": "18.",
        "Labels": [],
        "Text": "Article 19, paragraph 2 embraces a right of access to information held by public bodies. Such information includes records held by a public body, regardless of the form in which the information is stored, its source and the date of production. Public bodies are as indicated in paragraph 7 of this general comment. The designation of such bodies may also include other entities when such entities are carrying out public functions. As has already been noted, taken together with article 25 of the Covenant, the right of access to information includes a right whereby the media has access to information on public affairsand the right of the general public to receive media output.Elements of the right of access to information are also addressed elsewhere in the Covenant. As the Committee observed in its general comment No. 16, regarding article 17 of the Covenant, every individual should have the right to ascertain in an intelligible form, whether, and if so, what personal data is stored in automatic data files, and for what purposes. Every individual should also be able to ascertain which public authorities or private individuals or bodies control or may control his or her files. If such files contain incorrect personal data or have been collected or processed contrary to the provisions of the law, every individual should have the right to have his or her records rectified. Pursuant to article 10 of the Covenant, a prisoner does not lose the entitlement to access to his medical records. The Committee, in general comment No. 32 on article 14, set out the various entitlements to information that are held by those accused of a criminal offence.Pursuant to the provisions of article 2, persons should be in receipt of information regarding their Covenant rights in general.Under article 27, a State party’s decision-making that may substantively compromise the way of life and culture of a minority group should be undertaken in a process of information-sharing and consultation with affected communities."
    },
    {
        "ID": "19.",
        "Labels": [],
        "Text": "To give effect to the right of access to information, States parties should proactively put in the public domain Government information of public interest. States parties should make every effort to ensure easy, prompt, effective and practical access to such information. States parties should also enact the necessary procedures, whereby one may gain access to information, such as by means of freedom of information legislation.The procedures should provide for the timely processing of requests for information according to clear rules that are compatible with the Covenant. Fees for requests for information should not be such as to constitute an unreasonable impediment to access to information. Authorities should provide reasons for any refusal to provide access to information. Arrangements should be put in place for appeals from refusals to provide access to information as well as in cases of failure to respond to requests."
    },
    {
        "ID": "20.",
        "Labels": [],
        "Text": "The Committee, in general comment No. 25 on participation in public affairs and the right to vote, elaborated on the importance of freedom of expression for the conduct of public affairs and the effective exercise of the right to vote. The free communication of information and ideas about public and political issues between citizens, candidates and elected representatives is essential. This implies a free press and other media able to comment on public issues and to inform public opinion without censorship or restraint.The attention of States parties is drawn to the guidance that general comment No. 25 provides with regard to the promotion and the protection of freedom of expression in that context."
    },
    {
        "ID": "21.",
        "Labels": [],
        "Text": "Paragraph 3 expressly states that the exercise of the right to freedom of expression carries with it special duties and responsibilities. For this reason two limitative areas of restrictions on the right are permitted, which may relate either to respect of the rights or reputations of others or to the protection of national security or of public order (ordre public) or of public health or morals. However, when a State party imposes restrictions on the exercise of freedom of expression, these may not put in jeopardy the right itself. The Committee recalls that the relation between right and restriction and between norm and exception must not be reversed.The Committee also recalls the provisions of article 5, paragraph 1, of the Covenant according to which “nothing in the present Covenant may be interpreted as implying for any State, group or person any right to engage in any activity or perform any act aimed at the destruction of any of the rights and freedoms recognized herein or at their limitation to a greater extent than is provided for in the present Covenant”."
    },
    {
        "ID": "22.",
        "Labels": [],
        "Text": "Paragraph 3 lays down specific conditions and it is only subject to these conditions that restrictions may be imposed: the restrictions must be “provided by law”; they may only be imposed for one of the grounds set out in subparagraphs (a) and (b) of paragraph 3; and they must conform to the strict tests of necessity and proportionality.Restrictions are not allowed on grounds not specified in paragraph 3, even if such grounds would justify restrictions to other rights protected in the Covenant. Restrictions must be applied only for those purposes for which they were prescribed and must be directly related to the specific need on which they are predicated."
    },
    {
        "ID": "23.",
        "Labels": [],
        "Text": "States parties should put in place effective measures to protect against attacks aimed at silencing those exercising their right to freedom of expression. Paragraph 3 may never be invoked as a justification for the muzzling of any advocacy of multi-party democracy, democratic tenets and human rights.Nor, under any circumstance, can an attack on a person, because of the exercise of his or her freedom of opinion or expression, including such forms of attack as arbitrary arrest, torture, threats to life and killing, be compatible with article 19.Journalists are frequently subjected to such threats, intimidation and attacks because of their activities. So too are persons who engage in the gathering and analysis of information on the human rights situation and who publish human rights-related reports, including judges and lawyers.All such attacks should be vigorously investigated in a timely fashion, and the perpetrators prosecuted,and the victims, or, in the case of killings, their representatives, be in receipt of appropriate forms of redress."
    },
    {
        "ID": "24.",
        "Labels": [],
        "Text": "Restrictions must be provided by law. Law may include laws of parliamentary privilegeand laws of contempt of court. Since any restriction on freedom of expression constitutes a serious curtailment of human rights, it is not compatible with the Covenant for a restriction to be enshrined in traditional, religious or other such customary law."
    },
    {
        "ID": "25.",
        "Labels": [],
        "Text": "For the purposes of paragraph 3, a norm, to be characterized as a “law”, must be formulated with sufficient precision to enable an individual to regulate his or her conduct accordingly and it must be made accessible to the public. A law may not confer unfettered discretion for the restriction of freedom of expression on those charged with its execution. Laws must provide sufficient guidance to those charged with their execution to enable them to ascertain what sorts of expression are properly restricted and what sorts are not."
    },
    {
        "ID": "26.",
        "Labels": [],
        "Text": "Laws restricting the rights enumerated in article 19, paragraph 2, including the laws referred to in paragraph 24, must not only comply with the strict requirements of article 19, paragraph 3 of the Covenant but must also themselves be compatible with the provisions, aims and objectives of the Covenant.Laws must not violate the non-discrimination provisions of the Covenant. Laws must not provide for penalties that are incompatible with the Covenant, such as corporal punishment."
    },
    {
        "ID": "27.",
        "Labels": [],
        "Text": "It is for the State party to demonstrate the legal basis for any restrictions imposed on freedom of expression. If, with regard to a particular State party, the Committee has to consider whether a particular restriction is imposed by law, the State party should provide details of the law and of actions that fall within the scope of the law."
    },
    {
        "ID": "28.",
        "Labels": [],
        "Text": "The first of the legitimate grounds for restriction listed in paragraph 3 is that of respect for the rights or reputations of others. The term “rights” includes human rights as recognized in the Covenant and more generally in international human rights law. For example, it may be legitimate to restrict freedom of expression in order to protect the right to vote under article 25, as well as rights article under 17 (see para. 37). Such restrictions must be constructed with care: while it may be permissible to protect voters from forms of expression that constitute intimidation or coercion, such restrictions must not impede political debate, including, for example, calls for the boycotting of a non-compulsory vote. The term “others” relates to other persons individually or as members of a community. Thus, it may, for instance, refer to individual members of a community defined by its religious faith or ethnicity."
    },
    {
        "ID": "29.",
        "Labels": [],
        "Text": "The second legitimate ground is that of protection of national security or of public order (ordre public), or of public health or morals."
    },
    {
        "ID": "30.",
        "Labels": [],
        "Text": "Extreme care must be taken by States parties to ensure that treason laws and similar provisions relating to national security, whether described as official secrets or sedition laws or otherwise, are crafted and applied in a manner that conforms to the strict requirements of paragraph 3. It is not compatible with paragraph 3, for instance, to invoke such laws to suppress or withhold from the public information of legitimate public interest that does not harm national security or to prosecute journalists, researchers, environmental activists, human rights defenders, or others, for having disseminated such information.Nor is it generally appropriate to include in the remit of such laws such categories of information as those relating to the commercial sector, banking and scientific progress.The Committee has found in one case that a restriction on the issuing of a statement in support of a labour dispute, including for the convening of a national strike, was not permissible on the grounds of national security."
    },
    {
        "ID": "31.",
        "Labels": [],
        "Text": "On the basis of maintenance of public order (ordre public) it may, for instance, be permissible in certain circumstances to regulate speech-making in a particular public place.Contempt of court proceedings relating to forms of expression may be tested against the public order (ordre public) ground. In order to comply with paragraph 3, such proceedings and the penalty imposed must be shown to be warranted in the exercise of a court’s power to maintain orderly proceedings. Such proceedings should not in any way be used to restrict the legitimate exercise of defence rights."
    },
    {
        "ID": "32.",
        "Labels": [],
        "Text": "The Committee observed in general comment No. 22, that “the concept of morals derives from many social, philosophical and religious traditions; consequently, limitations... for the purpose of protecting morals must be based on principles not deriving exclusively from a single tradition”.Any such limitations must be understood in the light of universality of human rights and the principle of non-discrimination"
    },
    {
        "ID": "33.",
        "Labels": [
            "Children"
        ],
        "Text": "Restrictions must be “necessary” for a legitimate purpose. Thus, for instance, a prohibition on commercial advertising in one language, with a view to protecting the language of a particular community, violates the test of necessity if the protection could be achieved in other ways that do not restrict freedom of expression. On the other hand, the Committee has considered that a State party complied with the test of necessity when it transferred a teacher who had published materials that expressed hostility toward a religious community to a non-teaching position in order to protect the right and freedom of children of that faith in a school district."
    },
    {
        "ID": "34.",
        "Labels": [],
        "Text": "Restrictions must not be overbroad. The Committee observed in general comment No. 27 that “restrictive measures must conform to the principle of proportionality; they must be appropriate to achieve their protective function; they must be the least intrusive instrument amongst those which might achieve their protective function; they must be proportionate to the interest to be protected…The principle of proportionality has to be respected not only in the law that frames the restrictions but also by the administrative and judicial authorities in applying the law”.The principle of proportionality must also take account of the form of expression at issue as well as the means of its dissemination. For instance, the value placed by the Covenant upon uninhibited expression is particularly high in the circumstances of public debate in a democratic society concerning figures in the public and political domain."
    },
    {
        "ID": "35.",
        "Labels": [],
        "Text": "When a State party invokes a legitimate ground for restriction of freedom of expression, it must demonstrate in specific and individualized fashion the precise nature of the threat, and the necessity and proportionality of the specific action taken, in particular by establishing a direct and immediate connection between the expression and the threat."
    },
    {
        "ID": "36.",
        "Labels": [],
        "Text": "36.The Committee reserves to itself an assessment of whether, in a given situation, there may have been circumstances which made a restriction of freedom of expression necessary. In this regard, the Committee recalls that the scope of this freedom is not to be assessed by reference to a “margin of appreciation” and in order for the Committee to carry out this function, a State party, in any given case, must demonstrate in specific fashion the precise nature of the threat to any of the enumerated grounds listed in paragraph 3 that has caused it to restrict freedom of expression."
    },
    {
        "ID": "37.",
        "Labels": [],
        "Text": "Among restrictions on political discourse that have given the Committee cause for concern are the prohibition of door-to-door canvassing,restrictions on the number and type of written materials that may be distributed during election campaigns, blocking access during election periods to sources, including local and international media, of political commentary,and limiting access of opposition parties and politicians to media outlets.Every restriction should be compatible with paragraph 3. However, it may be legitimate for a State party to restrict political polling imminently preceding an election in order to maintain the integrity of the electoral process."
    },
    {
        "ID": "38.",
        "Labels": [],
        "Text": "As noted earlier in paragraphs 13 and 20, concerning the content of political discourse, the Committee has observed that in circumstances of public debate concerning public figures in the political domain and public institutions, the value placed by the Covenant upon uninhibited expression is particularly high. Thus, the mere fact that forms of expression are considered to be insulting to a public figure is not sufficient to justify the imposition of penalties, albeit public figures may also benefit from the provisions of the Covenant.Moreover, all public figures, including those exercising the highest political authority such as heads of state and government, are legitimately subject to criticism and political opposition.Accordingly, the Committee expresses concern regarding laws on such matters as, lese majesty, desacato,disrespect for authority,disrespect for flags and symbols, defamation of the head of stateand the protection of the honour of public officials, and laws should not provide for more severe penalties solely on the basis of the identity of the person that may have been impugned. States parties should not prohibit criticism of institutions, such as the army or the administration."
    },
    {
        "ID": "39.",
        "Labels": [],
        "Text": "States parties should ensure that legislative and administrative frameworks for the regulation of the mass media are consistent with the provisions of paragraph 3.Regulatory systems should take into account the differences between the print and broadcast sectors and the internet, while also noting the manner in which various media converge. It is incompatible with article 19 to refuse to permit the publication of newspapers and other print media other than in the specific circumstances of the application of paragraph 3. Such circumstances may never include a ban on a particular publication unless specific content, that is not severable, can be legitimately prohibited under paragraph 3. States parties must avoid imposing onerous licensing conditions and fees on the broadcast media, including on community and commercial stations. The criteria for the application of such conditions and licence fees should be reasonable and objective,clear, transparent, non-discriminatory and otherwise in compliance with the Covenant. Licensing regimes for broadcasting via media with limited capacity, such as audiovisual terrestrial and satellite services should provide for an equitable allocation of access and frequencies between public, commercial and community broadcasters. It is recommended that States parties that have not already done so should establish an independent and public broadcasting licensing authority, with the power to examine broadcasting applications and to grant licenses."
    },
    {
        "ID": "40.",
        "Labels": [],
        "Text": "The Committee reiterates its observation in general comment No. 10 that “because of the development of modern mass media, effective measures are necessary to prevent such control of the media as would interfere with the right of everyone to freedom of expression”. The State should not have monopoly control over the media and should promote plurality of the media. Consequently, States parties should take appropriate action, consistent with the Covenant, to prevent undue media dominance or concentration by privately controlled media groups in monopolistic situations that may be harmful to a diversity of sources and views."
    },
    {
        "ID": "41.",
        "Labels": [],
        "Text": "Care must be taken to ensure that systems of government subsidy to media outlets and the placing of government advertisementsare not employed to the effect of impeding freedom of expression.Furthermore, private media must not be put at a disadvantage compared to public media in such matters as access to means of dissemination/distribution and access to news."
    },
    {
        "ID": "42.",
        "Labels": [],
        "Text": "The penalization of a media outlet, publishers or journalist solely for being critical of the government or the political social system espoused by the governmentcan never be considered to be a necessary restriction of freedom of expression."
    },
    {
        "ID": "43.",
        "Labels": [],
        "Text": "Any restrictions on the operation of websites, blogs or any other internet-based, electronic or other such information dissemination system, including systems to support such communication, such as internet service providers or search engines, are only permissible to the extent that they are compatible with paragraph 3. Permissible restrictions generally should be content-specific; generic bans on the operation of certain sites and systems are not compatible with paragraph 3. It is also inconsistent with paragraph 3 to prohibit a site or an information dissemination system from publishing material solely on the basis that it may be critical of the government or the political social system espoused by the government."
    },
    {
        "ID": "44.",
        "Labels": [],
        "Text": "Journalism is a function shared by a wide range of actors, including professional full-time reporters and analysts, as well as bloggers and others who engage in forms of self-publication in print, on the internet or elsewhere, and general State systems of registration or licensing of journalists are incompatible with paragraph 3. Limited accreditation schemes are permissible only where necessary to provide journalists with privileged access to certain places and/or events. Such schemes should be applied in a manner that is non-discriminatory and compatible with article 19 and other provisions of the Covenant, based on objective criteria and taking into account that journalism is a function shared by a wide range of actors."
    },
    {
        "ID": "45.",
        "Labels": [],
        "Text": "It is normally incompatible with paragraph 3 to restrict the freedom of journalists and others who seek to exercise their freedom of expression (such as persons who wish to travel to human rights-related meetings) to travel outside the State party, to restrict the entry into the State party of foreign journalists to those from specified countriesor to restrict freedom of movement of journalists and human rights investigators within the State party (including to conflict-affected locations, the sites of natural disasters and locations where there are allegations of human rights abuses). States parties should recognize and respect that element of the right of freedom of expression that embraces the limited journalistic privilege not to disclose information sources."
    },
    {
        "ID": "46.",
        "Labels": [],
        "Text": "States parties should ensure that counter-terrorism measures are compatible with paragraph 3. Such offences as “encouragement of terrorism”and “extremist activity”as well as offences of “praising”, “glorifying”, or “justifying” terrorism, should be clearly defined to ensure that they do not lead tounnecessary or disproportionate interference with freedom of expression. Excessive restrictions on access to information must also be avoided. The media plays a crucial role in informing the public about acts of terrorism and its capacity to operate should not be unduly restricted. In this regard, journalists should not be penalized for carrying out their legitimate activities."
    },
    {
        "ID": "47.",
        "Labels": [],
        "Text": "Defamation laws must be crafted with care to ensure that they comply with paragraph 3, and that they do not serve, in practice, to stifle freedom of expression.All such laws, in particular penal defamation laws, should include such defences as the defence of truth and they should not be applied with regard to those forms of expression that are not, of their nature, subject to verification. At least with regard to comments about public figures, consideration should be given to avoiding penalizing or otherwise rendering unlawful untrue statements that have been published in error but without malice. In any event, a public interest in the subject matter of the criticism should be recognized as a defence. Care should be taken by States parties to avoid excessively punitive measures and penalties. Where relevant, States parties should place reasonable limits on the requirement for a defendant to reimburse the expenses of the successful party. States parties should consider the decriminalization of defamationand, in any case, the application of the criminal law should only be countenanced in the most serious of cases and imprisonment is never an appropriate penalty. It is impermissible for a State party to indict a person for criminal defamation but then not to proceed to trial expeditiously – such a practice has a chilling effect that may unduly restrict the exercise of freedom of expression of the person concerned and others."
    },
    {
        "ID": "48.",
        "Labels": [],
        "Text": "Prohibitions of displays of lack of respect for a religion or other belief system, including blasphemy laws, are incompatible with the Covenant, except in the specific circumstances envisaged in article 20, paragraph 2, of the Covenant. Such prohibitions must also comply with the strict requirements of article 19, paragraph 3, as well as such articles as 2, 5, 17, 18 and 26.Thus, for instance, it would be impermissible for any such laws to discriminate in favour of or against one or certain religions or belief systems, or their adherents over another, or religious believers over non-believers.Nor would it be permissible for such prohibitions to be used to prevent or punish criticism of religious leaders or commentary on religious doctrine and tenets of faith."
    },
    {
        "ID": "49.",
        "Labels": [],
        "Text": "Laws that penalize the expression of opinions about historical facts are incompatible with the obligations that the Covenant imposes on States parties in relation to the respect for freedom of opinion and expression. The Covenant does not permit general prohibition of expressions of an erroneous opinion or an incorrect interpretation of past events. Restrictions on the right of freedom of opinion should never be imposed and, with regard to freedom of expression, they should not go beyond what is permitted in paragraph 3 or required under article 20."
    },
    {
        "ID": "50.",
        "Labels": [],
        "Text": "Articles 19 and 20 are compatible with and complement each other. The acts that are addressed in article 20 are all subject to restriction pursuant to article 19, paragraph 3. As such, a limitation that is justified on the basis of article 20 must also comply with article 19, paragraph 3."
    },
    {
        "ID": "51.",
        "Labels": [],
        "Text": "What distinguishes the acts addressed in article 20 from other acts that may be subject to restriction under article 19, paragraph 3, is that for the acts addressed in article 20, the Covenant indicates the specific response required from the State: their prohibition by law. It is only to this extent that article 20 may be considered as lex specialis with regard to article 19."
    },
    {
        "ID": "52.",
        "Labels": [],
        "Text": "It is only with regard to the specific forms of expression indicated in article 20 that States parties are obliged to have legal prohibitions. In every case in which the State restricts freedom of expression it is necessary to justify the prohibitions and their provisions in strict conformity with article 19."
    }
]