[
    {
        "ID": "1.",
        "Text": "States parties have undertaken to submit reports in accordance with article 40 of the Covenant within one year of its entry into force for the States parties concerned and, thereafter, whenever the Committee so requests.",
        "Labels": []
    },
    {
        "ID": "2.",
        "Text": "The Committee notes, as appears from its annual reports, that only a small number of States have submitted their reports on time. Most of them have been submitted with delays ranging from a few months to several years and some States parties are still in default, despite repeated reminders by the Committee.",
        "Labels": []
    },
    {
        "ID": "3.",
        "Text": "Other States have announced that they would appear before the Committee but have not done so on the scheduled date.",
        "Labels": []
    },
    {
        "ID": "4. ",
        "Text": "To remedy such situations, the Committee has adopted new rules:\r\n(a)If a State party has submitted a report but does not send a delegation to the Committee, the Committee may notify the State party of the date on which it intends to consider the report or may proceed to consider the report at the meeting that had been initially scheduled;\r\n(b)When the State party has not presented a report, the Committee may, at its discretion, notify the State party of the date on which the Committee proposes to examine the measures taken by the State party to implement the rights guaranteed under the Covenant:\r\nIf the State party is represented by a delegation, the Committee will, in presence of the delegation, proceed with the examination on the date assigned;\r\nIf the State party is not represented, the Committee may, at its discretion, either decide to proceed to consider the measures taken by the State party to implement the guarantees of the Covenant at the initial date or notify a new date to the State party.\r\nFor the purposes of the application of these procedures, the Committee shall hold its meetings in public session if a delegation is present, and in private if a delegation is not present, and shall follow the modalities set forth in the reporting guidelines and in the rules of procedure of the Committee.",
        "Labels": []
    },
    {
        "ID": "5.",
        "Text": "After the Committee has adopted concluding observations, a follow-up procedure shall be employed in order to establish, maintain or restore a dialogue with the State party. For this purpose and in order to enable the Committee to take further action, the Committee shall appoint a Special Rapporteur, who will report to the Committee.",
        "Labels": []
    },
    {
        "ID": "6.",
        "Text": "In the light of the report of the Special Rapporteur, the Committee shall assess the position adopted by the State party and, if necessary, set a new date for the State party to submit its next report.",
        "Labels": []
    }
]