[
    {
        "ID": "1.",
        "Text": "The fundamental human right of peaceful assembly enables individuals to express themselves collectively and to participate in shaping their societies. The right of peaceful assembly is important in its own right, as it protects the ability of people to exercise individual autonomy in solidarity with others. Together with other related rights, it also constitutes the very foundation of a system of participatory governance based on democracy, human rights, the rule of law and pluralism. Peaceful assemblies can play a critical role in allowing participants to advance ideas and aspirational goals in the public domain and to establish the extent of support for or opposition to those ideas and goals. Where they are used to air grievances, peaceful assemblies may create opportunities for the inclusive, participatory and peaceful resolution of differences.",
        "Labels": []
    },
    {
        "ID": "2.",
        "Text": "The right of peaceful assembly is, moreover, a valuable tool that can and has been used to recognize and realize a wide range of other rights, including economic, social and cultural rights. It is of particular importance to marginalized individuals and groups. Failure to respect and ensure the right of peaceful assembly is typically a marker of repression.",
        "Labels": []
    },
    {
        "ID": "3.",
        "Text": "The first sentence of article 21 of the International Covenant on Civil and Political Rights provides that: “The right of peaceful assembly shall be recognized.”The right is articulated in similar terms in other international and regional instruments, and its content has been elaborated upon by monitoring bodies, for example in their views, concluding observations, resolutions, interpretive guidelines and judicial decisions. Inaddition to being bound by international law to recognize the right of peaceful assembly, the vast majority of States also recognize the right in their national constitutions.",
        "Labels": []
    },
    {
        "ID": "4. ",
        "Text": "The right of peaceful assembly protects the non-violent gathering by persons for specific purposes, principally expressive ones. It constitutes an individual right that is exercised collectively. Inherent to the right is thus an associative element.",
        "Labels": []
    },
    {
        "ID": "5.",
        "Text": "Everyone has the right of peaceful assembly: citizens and non-citizens alike. It may be exercised by, for example, foreign nationals, migrants (documented or undocumented), asylum seekers, refugees and stateless persons.",
        "Labels": [
            "Refugees & asylum-seekers",
            "Migrants"
        ]
    },
    {
        "ID": "6.",
        "Text": "Article 21 of the Covenant protects peaceful assemblies wherever they take place: outdoors, indoors and online; in public and private spaces; or a combination thereof. Such assemblies may take many forms, including demonstrations, protests, meetings, processions, rallies, sit-ins, candlelit vigils and flash mobs. They are protected under article 21 whether they are stationary, such as pickets, or mobile, such as processions or marches.",
        "Labels": []
    },
    {
        "ID": "7.",
        "Text": "In many cases, peaceful assemblies do not pursue controversial goals and cause little or no disruption. The aim might indeed be, for example, to commemorate a national day or celebrate the outcome of a sporting event. However, peaceful assemblies can sometimes be used to pursue contentious ideas or goals. Their scale or nature can cause disruption, for example of vehicular or pedestrian movement or economic activity. These consequences, whether intended or unintended, do not call into question the protection such assemblies enjoy. To the extent that an event may create such disruptions or risks, these must be managed within the framework of the Covenant.",
        "Labels": []
    },
    {
        "ID": "8.",
        "Text": "The recognition of the right of peaceful assembly imposes a corresponding obligation on States parties to respect and ensure its exercise without discrimination. This requires States to allow such assemblies to take place without unwarranted interference and to facilitate the exercise of the right and to protect the participants. The second sentence of article 21 provides grounds for potential restrictions, but any such restrictions must be narrowly drawn. There are, in effect, limits on the restrictions that may be imposed.",
        "Labels": []
    },
    {
        "ID": "9.",
        "Text": "The full protection of the right of peaceful assembly is possible only when other, often overlapping, rights are also protected, notably freedom of expression, freedom of association and political participation. Protection of the right of peaceful assembly is often also dependent on the realization of a broader range of civil and political rights, and economic, social and cultural rights. Where individuals’ conduct places them outside the scope of the protection of article 21, for example because they are behaving violently, they retain their other rights under the Covenant, subject to the applicable limitations and restrictions.",
        "Labels": []
    },
    {
        "ID": "10.",
        "Text": "The way in which assemblies are conducted and their context changes over time. This may in turn affect how they are approached by the authorities. For example, given that emerging communications technologies offer the opportunity to assemble either wholly or partly online and often play an integral role in organizing, participating in and monitoring physical gatherings, interference with such communications can impede assemblies. While surveillance technologies can be used to detect threats of violence and thus to protect the public, they can also infringe on the right to privacy and other rights of participants and bystanders and have a chilling effect. Moreover, there is increased private ownership and other forms of control of publicly accessible spaces and communication platforms. Considerations such as these need to inform a contemporary understanding of the legal framework that article 21 requires.",
        "Labels": []
    },
    {
        "ID": "11.",
        "Text": "Establishing whether or not someone’s participation in an assembly is protected under article 21 entails a two-stage process. It must first be established whether or not the conduct of the person in question falls within the scopeof the protection offered by the right, in that it amounts to participation in a “peaceful assembly” (as described in the present section). If so, the State must respect and ensure the rights of the participants (as described in section III below). Second, it must be established whether or not any restrictions applied to the exercise of the right are legitimate in that context (as described in section IV below).",
        "Labels": []
    },
    {
        "ID": "12.",
        "Text": "Participating in an “assembly” entails organizing or taking part in a gathering of persons for a purpose such as expressing oneself, conveying a position on a particular issue or exchanging ideas. The gathering can also be intended to assert or affirm group solidarity or identity. Assemblies may, in addition to having such aims, serve other goals, such as an entertainment, cultural, religious or commercial objective, and still be protected under article 21.",
        "Labels": []
    },
    {
        "ID": "13.",
        "Text": "While the notion of an assembly implies that there will be more than one participant in the gathering, a single protester enjoys comparable protections under the Covenant, for example under article 19. Although the exercise of the right of peaceful assembly is normally understood to pertain to the physical gathering of persons, article 21 protection also extends to remote participation in, and organization of, assemblies, for example online.",
        "Labels": []
    },
    {
        "ID": "14.",
        "Text": "Peaceful assemblies are often organized in advance, allowing time for the organizers to notify the authorities to make the necessary preparations. However, spontaneous assemblies, which are typically direct responses to current events, whether coordinated or not, are equally protected under article 21. Counterdemonstrations occur when one assembly takes place to express opposition to another. Both assemblies can fall within the scope of the protection of article 21.",
        "Labels": []
    },
    {
        "ID": "15.",
        "Text": "A “peaceful” assembly stands in contradistinction to one characterized by widespread and serious violence. The terms “peaceful” and “non-violent” are thus used interchangeably in this context. The right of peaceful assembly may, by definition, not be exercised using violence. “Violence” in the context of article 21 typically entails the use by participants of physical force against others that is likely to result in injury or death, or serious damage to property. Mere pushing and shoving or disruption of vehicular or pedestrian movement or daily activities do not amount to “violence”.",
        "Labels": []
    },
    {
        "ID": "16.",
        "Text": "If the conduct of participants in an assembly is peaceful, the fact that certain domestic legal requirements pertaining to an assembly have not been met by its organizers or participants does not, on its own, place the participants outside the scope of the protection of article 21. Collective civil disobedience or direct action campaigns can be covered by article 21, provided that they are non-violent.",
        "Labels": []
    },
    {
        "ID": "17.",
        "Text": "There is not always a clear dividing line between assemblies that are peaceful and those that are not, but there is a presumption in favour of considering assemblies to be peaceful. Moreover, isolated acts of violence by some participants should not be attributed to others, to the organizers or to the assembly as such. Thus, some participants in an assembly may be covered by article 21, while others in the same assembly are not.",
        "Labels": []
    },
    {
        "ID": "18.",
        "Text": "The question of whether or not an assembly is peaceful must be answered with reference to violence that originates from the participants. Violence against participants in a peaceful assembly by the authorities, or by agents provocateurs acting on their behalf, does not render the assembly non-peaceful. The same applies to violence by members of the public aimed at the assembly, or by participants in counterdemonstrations.",
        "Labels": []
    },
    {
        "ID": "19.",
        "Text": "The conduct of specific participants in an assembly may be deemed violent if authorities can present credible evidence that, before or during the event, those participants are inciting others to use violence, and such actions are likely to cause violence; that the participants have violent intentions and plan to act on them; or that violence on their part is imminent. Isolated instances of such conduct will not suffice to taint an entire assembly as non-peaceful, but where it is manifestly widespread within the assembly, participation in the gathering as such is no longer protected under article 21.",
        "Labels": []
    },
    {
        "ID": "20.",
        "Text": "The carrying by participants of objects that are or could be viewed as weapons or of protective equipment such as gas masks or helmets is not necessarily sufficient to deem those participants’ conduct violent. That has to be determined on a case-by-case basis, dependent on, among other considerations, domestic regulation on the carrying of weapons (especially firearms), local cultural practices, whether there is evidence of violent intent, and the risk of violence presented by the presence of such objects.",
        "Labels": []
    },
    {
        "ID": "21.",
        "Text": "The Covenant imposes the obligation on States parties “to respect and to ensure” all the rights in the Covenant (art. 2 (1)); to take legal and other measures to achieve this purpose (art. 2 (2)); and to pursue accountability, and provide effective remedies for violations of Covenant rights (art. 2 (3)). The obligation of States parties regarding the right of peaceful assembly thus comprises these various elements, although the right may in some cases be restricted according to the criteria listed in article 21.",
        "Labels": []
    },
    {
        "ID": "22.",
        "Text": "States must leave it to the participants to determine freely the purpose or any expressive content of an assembly. The approach of the authorities to peaceful assemblies and any restrictions imposed must thus in principle be content neutral, and must not be based on the identity of the participants or their relationship with the authorities. Moreover, while the time, place and manner of assemblies may under some circumstances be the subject of legitimate restrictions under article 21, given the typically expressive nature of assemblies, participants must as far as possible be enabled to conduct assemblies within sight and sound of their target audience.",
        "Labels": []
    },
    {
        "ID": "23.",
        "Text": "The obligation to respect and ensure peaceful assemblies imposes negative and positive duties on States before, during and after assemblies. The negative duty entails that there be no unwarranted interference with peaceful assemblies. States are obliged, for example, not to prohibit, restrict, block, disperse or disrupt peaceful assemblies without compelling justification, nor to sanction participants or organizers without legitimate cause.",
        "Labels": []
    },
    {
        "ID": "24.",
        "Text": "Moreover, States parties have certain positive duties to facilitate peaceful assemblies and to make it possible for participants to achieve their objectives. States must thus promote an enabling environment for the exercise of the right of peaceful assembly without discrimination, and put in place a legal and institutional framework within which the right can be exercised effectively. Specific measures may sometimes be required on the part of the authorities. For example, they may need to block off streets, redirect traffic or provide security. Where needed, States must also protect participants against possible abuse by non-State actors, such as interference or violence by other members of the public, counterdemonstrators and private security providers.",
        "Labels": [
            "Persons in street situations"
        ]
    },
    {
        "ID": "25.",
        "Text": "States must ensure that laws and their interpretation and application do not result in discrimination in the enjoyment of the right of peaceful assembly, for example on the basis of race, colour, ethnicity, age, sex, language, property, religion or belief, political or other opinion, national or social origin, birth, minority, indigenous or other status, disability, sexual orientation or gender identity, or other status. Particular efforts must be made to ensure the equal and effective facilitation and protection of the right of peaceful assembly of individuals who are members of groups that are or have been subjected to discrimination, or that may face particular challenges in participating in assemblies. Moreover, States have a duty to protect participants from all forms of discriminatory abuse and attacks.",
        "Labels": [
            "Indigenous peoples",
            "Women/girls",
            "Persons with disabilities"
        ]
    },
    {
        "ID": "26.",
        "Text": "The right of peaceful assembly does not exempt participants from challenges by other members of society. States must respect and ensure counterdemonstrations as assemblies in their own right, while preventing undue disruption of the assemblies to which they are opposed. States must in principle take a content-neutral approach to counterdemonstrations, which must be allowed to take place, as far as possible, within sight and sound of the assemblies against which they are directed.",
        "Labels": []
    },
    {
        "ID": "27.",
        "Text": "The possibility that a peaceful assembly may provoke adverse or even violent reactions from some members of the public is not sufficient grounds to prohibit or restrict the assembly. States are obliged to take all reasonable measures that do not impose disproportionate burdens upon them to protect all participants and to allow such assemblies to take place in an uninterrupted manner (see also para. 52 below).",
        "Labels": []
    },
    {
        "ID": "28.",
        "Text": "A functioning and transparent legal and decision-making system lies at the core of the duty to respect and ensure peaceful assemblies. Domestic law must recognize the right of peaceful assembly, clearly set out the duties and responsibilities of all public officials involved, be aligned with the relevant international standards and be publicly accessible. States must ensure public awareness about the law and relevant regulations, including any procedures to be followed by those wishing to exercise the right, who the responsible authorities are, the rules applicable to those officials, and the remedies available for alleged violations of rights.",
        "Labels": []
    },
    {
        "ID": "29.",
        "Text": "States parties must ensure independent and transparent oversight of all bodies involved with peaceful assemblies, including through timely access to effective remedies, including judicial remedies, or to national human rights institutions, with a view to upholding the right before, during and after an assembly.",
        "Labels": []
    },
    {
        "ID": "30.",
        "Text": "The role of journalists, human rights defenders, election monitors and others involved in monitoring or reporting on assemblies is of particular importance for the full enjoyment of the right of peaceful assembly. Those persons are entitled to protection under the Covenant. They may not be prohibited from, or unduly limited in, exercising these functions, including with respect to monitoring the actions of law enforcement officials. They must not face reprisals or other harassment, and their equipment must not be confiscated or damaged. Even if an assembly is declared unlawful or is dispersed, that does not terminate the right to monitor. It is a good practice for independent national human rights institutions and non-governmental organizations to monitor assemblies.",
        "Labels": []
    },
    {
        "ID": "31.",
        "Text": "States parties hold the primary responsibility for the realization of the right of peaceful assembly. However, business enterprises have a responsibility to respect human rights, including the right of peaceful assembly of, for example, communities affected by their activities and of their employees. Private entities and broader society may be expected to accept some level of disruption as a result of the exercise of the right.",
        "Labels": []
    },
    {
        "ID": "32.",
        "Text": "Given that peaceful assemblies often have expressive functions, and that political speech enjoys particular protection as a form of expression, it follows that assemblies with a political message should enjoy a heightened level of accommodation and protection.",
        "Labels": []
    },
    {
        "ID": "33.",
        "Text": "Article 21 and its related rights do not only protect participants while and where an assembly is ongoing. Associated activities conducted by an individual or by a group, outside the immediate context of the gathering but which are integral to making the exercise meaningful, are also covered. The obligations of States parties thus extend to actions such as participants’ or organizers’ mobilization of resources; planning; dissemination of information about an upcoming event; preparation for and travelling to the event; communication between participants leading up to and during the assembly; broadcasting of or from the assembly; and leaving the assembly afterwards. These activities may, like participation in the assembly itself, be subject to restrictions, but these must be narrowly drawn. Moreover, no one should be harassed or face other reprisals as a result of their presence at or affiliation with a peaceful assembly.",
        "Labels": []
    },
    {
        "ID": "34.",
        "Text": "Many associated activities happen online or otherwise rely upon digital services. Such activities are also protected under article 21. States parties must not, for example, block or hinder Internet connectivity in relation to peaceful assemblies. The same applies to geotargetedortechnology-specificinterferencewithconnectivity or access to content. States should ensure that the activities of Internet service providers and intermediaries do not unduly restrict assemblies or the privacy of assembly participants. Any restrictions on the operation of information dissemination systems must conform with the tests for restrictions on freedom of expression.",
        "Labels": []
    },
    {
        "ID": "35.",
        "Text": "While all organs of State carry the obligation to respect and ensure the right of peaceful assembly, decisions on assemblies are often taken at the local level. States must therefore ensure adequate training and resources for officials involved in these decisions at all levels of government.",
        "Labels": []
    },
    {
        "ID": "36.",
        "Text": "While the right of peaceful assembly may in certain cases be limited, the onus is on the authorities to justify any restrictions. Authorities must be able to show that any restrictions meet the requirement of legality, and are also both necessary for and proportionate to at least one of the permissible grounds for restrictions enumerated in article 21, as discussed below. Where this onus is not met, article 21 is violated. The imposition of any restrictions should be guided by the objective of facilitating the right, rather than seeking unnecessary and disproportionate limitations on it. Restrictions must not be discriminatory, impair the essence of the right, or be aimed at discouraging participation in assemblies or causing a chilling effect.",
        "Labels": [
            "Persons with disabilities"
        ]
    },
    {
        "ID": "37.",
        "Text": "The prohibition of a specific assembly can be considered only as a measure of last resort. Where the imposition of restrictions on an assembly is deemed necessary, the authorities should first seek to apply the least intrusive measures. States should also consider allowing an assembly to take place and deciding afterwards whether measures should be taken regarding possible transgressions during the event, rather than imposing prior restraints in an attempt to eliminate all risks.",
        "Labels": []
    },
    {
        "ID": "38.",
        "Text": "Any restrictions on participation in peaceful assemblies should be based on a differentiated or individualized assessment of the conduct of the participants and the assembly concerned. Blanket restrictions on peaceful assemblies are presumptively disproportionate.",
        "Labels": []
    },
    {
        "ID": "39.",
        "Text": "The second sentence of article 21 provides that no restrictions may be placed on the exercise of the right of peaceful assembly other than those imposed in conformity with the law. This poses the formal requirement of legality, akin to the requirement that limitations must be “provided by law” in other articles of the Covenant. Restrictions must thus be imposed through law or administrative decisions based on law. The laws in question must be sufficiently precise to allow members of society to decide how to regulate their conduct and may not confer unfettered or sweeping discretion on those charged with their enforcement.",
        "Labels": []
    },
    {
        "ID": "40.",
        "Text": "Article 21 provides that any restrictions must be “necessary in a democratic society”. Restrictions must therefore be necessary and proportionate in the context of a society based on democracy, the rule of law, political pluralism and human rights, as opposed to being merely reasonable or expedient. Such restrictions must be appropriateresponses to a pressing social need, relating to one of the permissible grounds listed in article 21. They must also be the least intrusive among the measures that might serve the relevant protective function. Moreover, they must be proportionate, which requires a value assessment, weighing the nature and detrimental impact of the interference on the exercise of the right against the resultant benefit to one of the grounds for interfering. If the detriment outweighs the benefit, the restriction is disproportionate and thus not permissible.",
        "Labels": []
    },
    {
        "ID": "41.",
        "Text": "The last part of the second sentence of article 21 sets out the legitimate grounds on which the right of peaceful assembly may be restricted. This is an exhaustive list, consisting of the following grounds: the interests of national security; public safety; public order (ordre public); the protection of public health or morals; or the protection of the rights and freedoms of others.",
        "Labels": []
    },
    {
        "ID": "42.",
        "Text": "The “interests of national security” may serve as a ground for restrictions if such restrictions are necessary to preserve the State’s capacity to protect the existence of the nation, its territorial integrity or political independence against a crediblethreat or use of force. This threshold will only exceptionally be met by assemblies that are“peaceful”. Moreover, where the very reason that national security has deteriorated is the suppression of human rights, this cannot be used to justify further restrictions, including on the right of peaceful assembly.",
        "Labels": []
    },
    {
        "ID": "43.",
        "Text": "For the protection of “public safety” to be invoked as a ground for restrictions on the right of peaceful assembly, it must be established that the assembly creates a real and significant risk to the safety of persons (to life or security of person) or a similar risk of serious damage to property.",
        "Labels": []
    },
    {
        "ID": "44.",
        "Text": "“Public order” refers to the sum of the rules that ensure the proper functioning of society, or the set of fundamental principlesonwhichsocietyisfounded, which also entails respectforhumanrights, including the right of peaceful assembly. States parties should not rely on a vague definition of “public order”to justify overbroad restrictions on the right of peaceful assembly.Peaceful assemblies can in some cases be inherently or deliberately disruptive and require a significant degree of toleration. “Public order” and “law and order” are not synonyms, and the prohibition of “public disorder” in domestic law should not be used unduly to restrict peaceful assemblies.",
        "Labels": []
    },
    {
        "ID": "45.",
        "Text": "The protection of “public health” may exceptionally permit restrictions to be imposed, for example where there is an outbreak of an infectious disease and gatherings are dangerous. This may in extreme cases also be applicable where the sanitary situation during an assembly presents a substantial health risk to the general public or to the participants themselves.",
        "Labels": []
    },
    {
        "ID": "46.",
        "Text": "Restrictions on peaceful assemblies should only exceptionally be imposed for the protection of “morals”. If used at all, this ground should not be used to protect understandings of morality deriving exclusively from a single social, philosophical or religious tradition,and any such restrictions must be understood in the light of the universality of human rights, pluralism and the principle of non-discrimination. Restrictions based on this ground may not, for instance,be imposed because of opposition to expressions of sexual orientation or gender identity.",
        "Labels": [
            "Women/girls"
        ]
    },
    {
        "ID": "47.",
        "Text": "Restrictions imposed for the protection of “the rights and freedoms of others” may relate to the protectionsunder the Covenant or other human rights of people not participating in the assembly. At the same time, assemblies are a legitimate use of public and other spaces, and since they may entail by their very nature a certain level of disruption to ordinary life, such disruptions must be accommodated, unless they impose a disproportionate burden, in which case the authorities must be able to provide detailed justification for any restrictions.",
        "Labels": []
    },
    {
        "ID": "48.",
        "Text": "In addition to the general framework for restrictions provided for in article 21, as discussed above, additional considerations are relevant to restrictions on the right of peaceful assembly.Central to the realization of the right is the requirement that any restrictions, in principle, be content neutral, and thus not be related to the message conveyed by the assembly. A contrary approach defeats the very purpose of peaceful assemblies as a potential tool of political and social participation that allows people to advance ideas and establish the extent of the support that they enjoy.",
        "Labels": []
    },
    {
        "ID": "49.",
        "Text": "The rules applicable to freedom of expression should be followed when dealing with any expressive elements of assemblies. Restrictions on peaceful assemblies must thus not be used, explicitly or implicitly, to stifle expression of political opposition to a government, challenges to authority, including calls for democratic changes of government, the constitution or the political system, or the pursuit of self-determination. They should not be used to prohibit insults to the honour and reputation of officials or State organs.",
        "Labels": []
    },
    {
        "ID": "50.",
        "Text": "In accordance with article 20 of the Covenant, peaceful assemblies may not be used for propaganda for war (art. 20 (1)), or for advocacy of national, racial or religious hatred that constitutes incitement to discrimination, hostility or violence (art. 20 (2)). As far as possible, action should be taken in such cases against the individual perpetrators, rather than against the assembly as a whole. Participation in assemblies whose dominant message falls within the scope of article 20 must be addressed in conformity with the requirements for restrictions set out in articles 19 and 21.",
        "Labels": []
    },
    {
        "ID": "51.",
        "Text": "Generally, the use of flags, uniforms, signs and banners is to be regarded as a legitimate form of expression that should not be restricted, even if such symbols are reminders of a painful past. In exceptional cases, where such symbols are directly and predominantly associated with incitement to discrimination, hostility or violence, appropriate restrictions should apply.",
        "Labels": []
    },
    {
        "ID": "52.",
        "Text": "The fact that an assembly provokes or may provoke a hostile reaction from members of the public against participants, as a general rule, does not justify restriction; the assembly must be allowed to go ahead, and its participants must be protected (see para. 18 above). However, in the exceptional case where the State is manifestly unable to protect the participants from a severe threat to their safety, restrictions on participation in the assembly may be imposed. Any such restrictions must be able to withstand strict scrutiny. An unspecified risk of violence, or the mere possibility that the authorities will not have the capacity to prevent or neutralize the violence emanating from those opposed to the assembly, is not enough; the State must be able to show, based on a concrete risk assessment, that it would not be able to contain the situation, even if significant law enforcement capability were to be deployed. Less intrusive restrictions, such as postponement or relocation of the assembly, must be considered before resort to prohibition.",
        "Labels": []
    },
    {
        "ID": "53.",
        "Text": "The regulation of the time, place and manner of assemblies is generally content neutral, and while there is some scope for restrictions that regulate these elements, the onus remains on the authorities to justify any such restriction on a case-by-case basis. Any such restrictions should still, as far as possible, allow participants to assemble within sight and sound of their target audience, or at whatever site is otherwise important to their purpose.",
        "Labels": []
    },
    {
        "ID": "54.",
        "Text": "Concerning restrictions on the time of assemblies, participants must have sufficient opportunity to manifest their views or to pursue their other purposes effectively. Peaceful assemblies should generally be left to end by themselves. Restrictions on the precise time of day or date when assemblies can or cannot be held raise concerns about their compatibility with the Covenant. Assemblies should not be limited solely because of their frequency. The timing, duration or frequency of a demonstration may, for example, play a central role in achieving its objective. However, the cumulative impact of sustained gatherings may be weighed in a proportionality assessment of a restriction. For example, certain assemblies held regularly at night in residential areas might have a significant impact on those living nearby.",
        "Labels": []
    },
    {
        "ID": "55.",
        "Text": "As for restrictions on the element of place, peaceful assemblies may in principle be conducted in all spaces to which the public has access or should have access, such as public squares and streets. While rules concerning public access to some spaces, such as buildings and parks, may also limit the right to assemble in such places, the application of such restrictions to peaceful assemblies must be justifiable in terms of article 21. Peaceful assemblies should not be relegated to remote areas where they cannot effectively capture the attention of those who are being addressed, or the general public. As a general rule, there can be no blanket ban on all assemblies in the capital city, in all public places except one specific location within a city or outside the city centre, or on all the streets in a city.",
        "Labels": [
            "Persons in street situations"
        ]
    },
    {
        "ID": "56.",
        "Text": "The designation of the perimeters of places such as courts, parliaments, sites of historical significance or other official buildings as areas where assemblies may not take place should generally be avoided, inter alia,because these are public spaces. Any restrictions on assemblies in and around such places must be specifically justified and narrowly circumscribed.",
        "Labels": []
    },
    {
        "ID": "57.",
        "Text": "While gatherings in private spaces fall within the scope of the right of peaceful assembly, the interests of others with rights in the property must be given due weight. The extent to which restrictions may be imposed on such a gathering depends on considerations such as whether the space is routinely publicly accessible, the nature and extent of the potential interference caused by the gathering with the interests of others with rights in the property, whether those holding rights in the property approve of such use, whether the ownership of the space is contested through the gathering and whether participants have other reasonable means to achieve the purpose of the assembly, in accordance with the sight and sound principle. Access to private property may not be denied on a discriminatory basis.",
        "Labels": []
    },
    {
        "ID": "58.",
        "Text": "As far as restrictions on the manner of peaceful assemblies are concerned, participants should be left to determine whether they want to use equipment such as posters, megaphones, musical instruments or other technical means, such as projection equipment, to convey their message. Assemblies may entail the temporary erection of structures, including sound systems, to reach their audience or otherwise achieve their purpose.",
        "Labels": []
    },
    {
        "ID": "59.",
        "Text": "In general, States parties should not limit the number of participants in assemblies. Any such restriction can be accepted only if there is a clear connection with a legitimate ground for restrictions as set out in article 21, for example where public safety considerations dictate a maximum crowd capacity for a stadium or a bridge, or where public health considerations dictate physical distancing.",
        "Labels": []
    },
    {
        "ID": "60.",
        "Text": "The wearing of face coverings or other disguises by assembly participants, such as hoods or masks, or taking other steps to participate anonymously may form part of the expressive element of a peaceful assembly or serve to counter reprisals or to protect privacy, including in the context of new surveillance technologies. The anonymity of participants should be allowed unless their conduct presents reasonable grounds for arrest, or there are other similarly compelling reasons, such as the fact that the face covering forms part of a symbol that is, exceptionally, restricted for the reasons referred to above (see para. 51). The use of disguises should not in itself be deemed to signify violent intent.",
        "Labels": []
    },
    {
        "ID": "61.",
        "Text": "While the collection of relevant information and data by authorities may under certain circumstances assist the facilitation of assemblies, it must not result in suppressing rights or creating a chilling effect. Any information gathering, whether by public or private entities, including through surveillance or the interception of communications, and the way in which data are collected, shared, retained and accessed, must strictly conform to applicable international standards, including on the right to privacy, and may never be aimed at intimidating or harassing participants or would-be participants in assemblies. Such practices should be regulated by appropriate and publicly accessible domestic legal frameworks that are compatible with international standards and subject to scrutiny by the courts.",
        "Labels": []
    },
    {
        "ID": "62.",
        "Text": "The mere fact that a particular assembly takes place in public does not mean that participants’ privacy cannot be violated. The right to privacy may be infringed, for example, by facial recognition and other technologies that can identify individual participants in a crowd. The same applies to the monitoring of social media to glean information about participation in peaceful assemblies. Independent and transparent scrutiny and oversight must be exercised over the decision to collect the personal information and data of those engaged in peaceful assemblies and over its sharing or retention, with a view to ensuring the compatibility of such actions with the Covenant.",
        "Labels": []
    },
    {
        "ID": "63.",
        "Text": "The freedom of public officials to participate in peaceful assemblies should not be limited more than is strictly required by the need to ensure public confidence in their impartiality, and thus their ability to perform their service duties, and any such restrictions must comply with article 21.",
        "Labels": []
    },
    {
        "ID": "64.",
        "Text": "Requirements for participants or organizers either to arrange for or to contribute towards the costs of policing or security, medical assistance or cleaning, or other public services associated with peaceful assemblies are generally not compatible with article 21.",
        "Labels": []
    },
    {
        "ID": "65.",
        "Text": "Organizers and participants are expected to comply with the legal requirements made of an assembly, and they may be held accountable for their own unlawful conduct, including the incitement of others. If, in exceptional circumstances, organizers are held accountable for damage or injuries for which they were not directly responsible, it must be confined to cases in which evidence shows that the organizers could reasonably have foreseen and prevented the damage or injuries. It is good practice for organizers to appoint stewards or marshals where necessary, but this should not be a legal requirement.",
        "Labels": []
    },
    {
        "ID": "66.",
        "Text": "Authorities may not require pledges or undertakings from individuals not to organize or participate in future assemblies. Conversely, no one may be forced to participate in an assembly.",
        "Labels": []
    },
    {
        "ID": "67.",
        "Text": "Where criminal or administrative sanctions are imposed on organizers of or participants in a peaceful assembly for their unlawful conduct, such sanctions must be proportionate, non-discriminatory in nature and must not be based on ambiguous or overbroadly defined offences, or suppress conduct protected under the Covenant.",
        "Labels": []
    },
    {
        "ID": "68.",
        "Text": "While acts of terrorism must be criminalized in conformity with international law, the definition of such crimes must not be overbroad or discriminatory and must not be applied so as to curtail or discourage the exercise of the right of peaceful assembly. The mere act of organizing or participating in a peaceful assembly cannot be criminalized under counter-terrorism laws.",
        "Labels": []
    },
    {
        "ID": "69.",
        "Text": "Recourse to courts or other tribunals to seek a remedy concerning restrictions must be readily available, including the possibility of appeal or review. The timeliness and duration of such proceedings against restrictions on an assembly must not jeopardize the exercise of the right. The procedural guarantees of the Covenant apply in all such cases, and also to issues such as detention or the imposition of sanctions, including fines, in connection with peaceful assemblies.",
        "Labels": []
    },
    {
        "ID": "70.",
        "Text": "Having to apply for permission from the authorities undercuts the idea that peaceful assembly is a basic right.Notification systems requiring that those who intend to organize a peaceful assembly must inform the authorities in advance and provide certain salient details are permissible to the extent necessary to assist the authorities in facilitating the smooth conduct of peaceful assemblies and protecting the rights of others. At the same time, this requirement must not be misused to stifle peaceful assemblies and, as in the case of other interferences with the right, must be justifiable on the grounds listed in article 21. The enforcement of notification requirements must not become an end in itself. Notification procedures should be transparent, not unduly bureaucratic, their demands on organizers must be proportionate to the potential public impact of the assembly concerned, and they should be free of charge.",
        "Labels": []
    },
    {
        "ID": "71.",
        "Text": "A failure to notify the authorities of an upcoming assembly, where required, does not render the act of participation in the assembly unlawful, and must not in itself be used as a basis for dispersing the assembly or arresting the participants or organizers, or for imposing undue sanctions, such as charging the participants or organizers with criminal offences. Where administrative sanctions are imposed on organizers for failure to notify, this must be justified by the authorities. Lack of notification does not absolve the authorities from the obligation, within their abilities, to facilitate the assembly and to protect the participants.",
        "Labels": []
    },
    {
        "ID": "72.",
        "Text": "Any notification requirements for pre-planned assemblies must be provided for in domestic law. The minimum period of advance notification might vary according to the context and level of facilitation required, but it should not be excessively long. If restrictions are imposed following a notification, they should be communicated early enough to allow time for access to the courts or other mechanisms to challenge them. Any notification regime should exclude assemblies for which the impact of a gathering on others can reasonably be expected to be minimal, for example because of its nature, location or limited size or duration. Notification must not be required for spontaneous assemblies for which there is not enough time to provide notice.",
        "Labels": []
    },
    {
        "ID": "73.",
        "Text": "Where authorization regimes persist in domestic law, they must in practice function as a system of notification, with authorization being granted as a matter of course, in the absence of compelling reasons to do otherwise. Notification regimes, for their part, must not in practice function as authorization systems.",
        "Labels": []
    },
    {
        "ID": "74.",
        "Text": "Law enforcement officials involved in policing assemblies must respect and ensure the exercise of the fundamental rights of organizers and participants, while also protecting journalists, monitors and observers, medical personnel and other members of the public, as well as public and private property, from harm. The basic approach of the authorities should be, where necessary, to seek to facilitate peaceful assemblies.",
        "Labels": []
    },
    {
        "ID": "75.",
        "Text": "Relevant law enforcement agencies should as far as possible work towards establishing channels for communication and dialogue between the various parties involved in assemblies, before and during the assembly, aimed at promoting preparedness, de-escalating tensions and resolving disputes. While it is good practice for organizers and participants to engage in such contact, they cannot be required to do so.",
        "Labels": []
    },
    {
        "ID": "76.",
        "Text": "Where the presence of law enforcement officials is required, the policing of an assembly should be planned and conducted with the objective of enabling the assembly to take place as intended, and with a view to minimizing the potential for injury to any person and damage to property. The plan should detail the instructions and equipment for and the deployment of all relevant officials and units.",
        "Labels": []
    },
    {
        "ID": "77.",
        "Text": "Generic contingency plans and training protocols should also be developed by relevant law enforcement agencies, in particular for policing assemblies of which the authorities are not notified in advance and which may affect public order. Clear command structures must exist to underpin accountability, as must protocols for recording and documenting events, ensuring the identification of officers and reporting any use of force.",
        "Labels": []
    },
    {
        "ID": "78.",
        "Text": "Law enforcement officials should seek to de-escalate situations that might result in violence. They are obliged to exhaust non-violent means and to give prior warning if it becomes absolutely necessary to use force, unless doing either would be manifestly ineffective. Any use of force must comply with the fundamental principles of legality, necessity, proportionality, precaution and non-discrimination applicable to articles 6 and 7 of the Covenant, and those using force must be accountable for each use of force. Domestic legal regimes on the use of force by law enforcement officials must be brought into line with the requirements enshrined in international law, guided by standards such as the Basic Principles on the Use of Force and Firearms by Law Enforcement Officials and the United Nations Human Rights Guidance on Less-Lethal Weapons in Law Enforcement .",
        "Labels": []
    },
    {
        "ID": "79.",
        "Text": "Only the minimum force necessary may be used where it is required for a legitimate law enforcement purpose during an assembly. Once the need for any use of force has passed, such as when a violent individual is safely apprehended, no further resort to force is permissible. Law enforcement officials may not use greater force than is proportionate to the legitimate objective of either dispersing an assembly, preventing a crime or effecting or assisting in the lawful arrest of offenders or suspected offenders. Domestic law must not grant officials largely unrestricted powers, for example to use ”force” or ”all necessary force” to disperse assemblies, or simply to ”shoot for the legs”. In particular, domestic law must not allow use of force against participants in an assembly on a wanton, excessive or discriminatory basis.",
        "Labels": []
    },
    {
        "ID": "80.",
        "Text": "Only law enforcement officials trained in the policing of assemblies, including on the relevant human rights standards, should be deployed for that purpose. Training should sensitize officials to the specific needs of individuals or groups in situations of vulnerability, which may in some cases include women, children and persons with disabilities, when participating in peaceful assemblies. The military should not be used to police assemblies, but if in exceptional circumstances and on a temporary basis they are deployed in support, they must have received appropriate human rights training and must comply with the same international rules and standards as law enforcement officials.",
        "Labels": [
            "Women/girls",
            "Children",
            "Persons with disabilities"
        ]
    },
    {
        "ID": "81.",
        "Text": "All law enforcement officials responsible for policing assemblies must be suitably equipped, including where needed with appropriate and fit-for-purpose less-lethal weapons and protective equipment. States parties must ensure that all weapons, including less-lethal weapons, are subject to strict independent testing, and that officers deployed with them receive specific training, and must evaluate and monitor the impact of weapons on the rights of those affected. Law enforcement agencies must be alert to the potentially discriminatory impacts of certain policing tactics, including in the context of new technologies, and must address them.",
        "Labels": []
    },
    {
        "ID": "82.",
        "Text": "Preventive detention of targeted individuals to keep them from participating in assemblies may constitute arbitrary deprivation of liberty, which is incompatible with the right of peaceful assembly. This is especially the case if detention lasts more than a few hours. Where domestic law permits such detention, it may be used only in the most exceptional cases, for no longer than absolutely necessary and only where the authorities have proof of the intention of the individuals involved to engage in or incite acts of violence during a particular assembly, and where other measures to prevent violence from occurring will clearly be inadequate. Practices of indiscriminate mass arrest prior to, during or following an assembly are arbitrary and thus unlawful.",
        "Labels": []
    },
    {
        "ID": "83.",
        "Text": "Powers of “stop and search” or “stop and frisk”, applied to those who participate in assemblies, or are about to do so, must be exercised based on reasonable suspicion of the commission or threat of a serious offence, and must not be used in a discriminatory manner. The mere fact that authorities associate an individual with a peaceful assembly does not constitute reasonable grounds for stopping and searching them.",
        "Labels": []
    },
    {
        "ID": "84.",
        "Text": "Containment (“kettling”), where law enforcement officials encircle and close in a section of the participants, may be used only where it is necessary and proportionate to do so, in order to address actual violence or an imminent threat emanating from that section. Necessary law enforcement measures targeted against specific individuals are often preferable to containment. Particular care must be taken to contain, as far as possible, only people linked directly to violence and to limit the duration of the containment to the minimum necessary. Where containment is used indiscriminately or punitively, it violates the right of peaceful assembly, and may also violate other rights such as freedom from arbitrary detention and freedom of movement.",
        "Labels": []
    },
    {
        "ID": "85.",
        "Text": "Only in exceptional cases may an assembly be dispersed. Dispersal may be resorted to if the assembly as such is no longer peaceful, or if there is clear evidence of an imminent threat of serious violence that cannot be reasonably addressed by more proportionate measures, such as targeted arrests. In all cases, the law enforcement rules on use of force must be strictly followed. Conditions for ordering the dispersal of an assembly should be set out in domestic law, and only a duly authorized official may order the dispersal of a peaceful assembly. An assembly that remains peaceful while nevertheless causing a high level of disruption, such as the extended blocking of traffic, may be dispersed, as a rule, only if the disruption is “serious and sustained”.",
        "Labels": []
    },
    {
        "ID": "86.",
        "Text": "Where a decision to disperse is taken in conformity with domestic and international law, force should be avoided. Where that is not possible in the circumstances, only the minimum force necessary may be used. As far as possible, any force used should be directed against a specific individual or group engaged in or threatening violence. Force that is likely to cause more than negligible injury should not be used against individuals or groups who are passively resisting.",
        "Labels": []
    },
    {
        "ID": "87.",
        "Text": "Less-lethal weapons with wide-area effects, such as tear gas and water cannons, tend to have indiscriminate effects. When such weapons are used, all reasonable efforts should be made to limit risks, such as causing a stampede or harming bystanders. Such weapons should be used only as a measure of last resort, following a verbal warning, and with adequate opportunity given for assembly participants to disperse. Tear gas should not be used in confined spaces.",
        "Labels": []
    },
    {
        "ID": "88.",
        "Text": "Firearms are not an appropriate tool for the policing of assemblies. They must never be used simply to disperse an assembly. In order to comply with international law, any use of firearms by law enforcement officials in the context of assemblies must be limited to targeted individuals in circumstances in which it is strictly necessary to confront an imminent threat of death or serious injury. Given the threat that such weapons pose to life, this minimum threshold should also be applied to the firing of rubber-coated metal bullets. Where law enforcement officials are prepared for the use of force, or violence is considered likely, the authorities must also ensure that adequate medical facilities are available. It is never lawful to fire indiscriminately or to use firearms in fully automatic mode when policing an assembly.",
        "Labels": []
    },
    {
        "ID": "89.",
        "Text": "The State is responsible under international law for the actions and omissions of its law enforcement agencies. With a view to preventing violations, States should consistently promote a culture of accountability for law enforcement officials during assemblies. To enhance effective accountability, uniformed law enforcement officials should always display an easily recognizable form of identification during assemblies.",
        "Labels": []
    },
    {
        "ID": "90.",
        "Text": "States have an obligation to investigate effectively, impartially and in a timely manner any allegation or reasonable suspicion of unlawful use of force or other violations by law enforcement officials, including sexual or gender-based violence, in the context of assemblies. Both intentional and negligent action or inaction can amount to a violation of human rights. Individual officials responsible for violations must be held accountable under domestic and, where relevant, international law, and effective remedies must be available to victims.",
        "Labels": [
            "Women/girls"
        ]
    },
    {
        "ID": "91.",
        "Text": "All use of force by law enforcement officials should be recorded and reflected promptly in a transparent report. Where injury or damage occurs, the report should contain sufficient information to establish whether the use of force was necessary and proportionate by setting out the details of the incident, including the reasons for the use of force, its effectiveness and the consequences of it.",
        "Labels": []
    },
    {
        "ID": "92.",
        "Text": "Any deployment of plain-clothed officers in assemblies must be strictly necessary in the circumstances and such officers must never incite violence. Before conducting a search, making an arrest or resorting to any use of force, plain-clothed officers must identify themselves to the persons concerned.",
        "Labels": []
    },
    {
        "ID": "93.",
        "Text": "The State is ultimately responsible for law enforcement during an assembly and may delegate tasks to private security service providers only in exceptional circumstances. In such cases, the State remains responsible for the conduct of those service providers. This is in addition to the accountability of the private security service providers under domestic and, where relevant, international law. The authorities should set out in national legislation the role and powers of private security service providers in law enforcement, and their use of force and training should be strictly regulated.",
        "Labels": []
    },
    {
        "ID": "94.",
        "Text": "The use of recording devices by law enforcement officials during assemblies, including body-worn cameras, may play a positive role in securing accountability, if used judiciously. However, the authorities should have clear and publicly available guidelines to ensure that their use is consistent with international standards on privacy and does not have a chilling effect on participation in assemblies. Participants, journalists and monitors also have the right to record law enforcement officials.",
        "Labels": []
    },
    {
        "ID": "95.",
        "Text": "The State is fully responsible for any remotely controlled weapons systems it uses during an assembly. Such methods of force delivery may escalate tensions and should be used only with great caution. Fully autonomous weapons systems, where lethal force can be used against assembly participants without meaningful human intervention once a system has been deployed, must never be used for law enforcement during an assembly.",
        "Labels": []
    },
    {
        "ID": "96.",
        "Text": "While the right of peaceful assembly is not listed as non-derogable in article 4 (2) of the Covenant, other rights potentially applicable to assemblies, such as those enshrined in articles 6, 7 and 18, are non-derogable. States parties must not rely on derogation from the right of peaceful assembly if they can attain their objectives by imposing restrictions in terms of article 21. If Statesderogatefrom theCovenantin response,forinstance, to massdemonstrations that includeacts of violence, theymustbeableto justifynotonlythatsuchasituationconstitutesathreattothelifeofthenation,but alsothatallmeasuresderogatingfrom their obligations undertheCovenantarestrictlyrequiredbythe exigenciesofthesituation and comply with the conditions in article 4.",
        "Labels": []
    },
    {
        "ID": "97.",
        "Text": "In a situation of armed conflict, the use of force during peaceful assemblies remains regulated by the rules governing law enforcement, and the Covenant continues to apply. Civilians in an assembly are protected from being targeted with lethal force unless and for such time as they take a direct part in hostilities, as that term is understood under international humanitarian law. In such a circumstance, they may be targeted only to the extent that they are not otherwise protected under international law from attack. Any use of force under applicable international humanitarian law is subject to the rules and principles of distinction, precautions in attack, proportionality, military necessity and humanity. In all decisions on the use of force, the safety and protection of assembly participants and the broader public should be an important consideration.",
        "Labels": []
    },
    {
        "ID": "98.",
        "Text": "The full protection of the right of peaceful assembly depends on the protection of a range of rights. Use of unnecessary or disproportionate force or other unlawful conduct by State officials during an assembly may breach articles 6, 7 and 9 of the Covenant. An extreme case, in which participants in peaceful assemblies are subjected to unlawful force or conduct as part of a widespread or systematic attack directed against any civilian population, may also constitute, where the other relevant criteria are met, a crime against humanity.",
        "Labels": []
    },
    {
        "ID": "99.",
        "Text": "Restrictions on people’s ability to travel, including abroad (art. 12 (2)), in order to participate in assemblies, marches and other moving assemblies may violate their freedom of movement (art. 12 (1)). Official decisions restricting the exercise of assembly rights must be open to legal challenge in a process that meets fair and public hearing requirements (art. 14 (1)). Surveillance of those involved in assemblies and other data-gathering activities may violate their right to privacy (art. 17). Religious assemblies may also be protected under the freedom to manifest one’s religion or beliefs (art. 18). The right of peaceful assembly is more than just a manifestation of freedom of expression (art. 19 (2)); it often has an expressive element, and the rationale for the recognition of these two rights and the acceptable restrictions overlap in many ways. Freedom of access to information held by public bodies (art. 19 (2)) underlies the ability of the public to know about the legal and administrative framework applicable to assemblies and enables them to hold public officials accountable.",
        "Labels": []
    },
    {
        "ID": "100.",
        "Text": "Freedom of association (art. 22) also protects collective action, and restrictions on this right often affect the right of peaceful assembly. The right of political participation (art. 25) is closely linked to the right of peaceful assembly, and in relevant cases, restrictions must be justified under the conditions set out in both article 21 and article 25. The right to non-discrimination protects participants against discriminatory practices in the context of assemblies (arts. 2 (1), 24 and 26).",
        "Labels": []
    },
    {
        "ID": "101.",
        "Text": "Participation in peaceful assemblies may be restricted in accordance with article 21, however, in order to protect the rights and freedoms of others.",
        "Labels": []
    },
    {
        "ID": "102.",
        "Text": "The right of peaceful assembly has an intrinsic value. It is, moreover, often exercised with the aim of advancing the implementation of other human rights and other norms and principles of international law. In such cases, the duty to respect and ensure the right of peaceful assembly derives its legal justification also from the importance of the broader range of other rights, norms and principles whose implementation it advances.",
        "Labels": []
    }
]