[
    {
        "ID": "1.",
        "Text": "Article 10, paragraph 1 of the Covenant provides that all persons deprived of their liberty shall be treated with humanity and with respect for the inherent dignity of the human person. However, by no means all the reports submitted by States parties have contained information on the way in which this paragraph of the article is being implemented. The Committee is of the opinion that it would be desirable for the reports of States parties to contain specific information on the legal measures designed to protect that right. The Committee also considers that reports should indicate the concrete measures being taken by the competent State organs to monitor the mandatory implementation of national legislation concerning the humane treatment and respect for the human dignity of all persons deprived of their liberty that paragraph 1 requires.\r\nThe Committee notes, in particular, that paragraph 1 of this article is generally applicable to persons deprived of their liberty, whereas paragraph 2 deals with accused as distinct from convicted persons, and paragraph 3 with convicted persons only. This structure quite often is not reflected in the reports, which mainly have related to accused and convicted persons. The wording of paragraph 1, its context ‑ especially its proximity to article 9, paragraph 1, which also deals with all deprivations of liberty ‑ and its purpose support a broad application of the principle expressed in that provision. Moreover, the Committee recalls that this article supplements article 7 as regards the treatment of all persons deprived of their liberty.\r\nThe humane treatment and the respect for the dignity of all persons deprived of their liberty is a basic standard of universal application which cannot depend entirely on material resources. While the Committee is aware that in other respects the modalities and conditions of detention may vary with the available resources, they must always be applied without discrimination, as required by article 2 (1).\r\nUltimate responsibility for the observance of this principle rests with the State as regards all institutions where persons are lawfully held against their will, not only in prisons but also, for example, hospitals, detention camps or correctional institutions.",
        "Labels": []
    },
    {
        "ID": "2.",
        "Text": "Subparagraph 2 (a) of the article provides that, save in exceptional circumstances, accused persons shall be segregated from convicted persons and shall receive separate treatment appropriate to their status as unconvicted persons. Some reports have failed to pay proper attention to this direct requirement of the Covenant and, as a result, to provide adequate information on the way in which the treatment of accused persons differs from that of convicted persons. Such information should be included in future reports.\r\nSubparagraph 2 (b) of the article calls, inter alia, for accused juvenile persons to be separated from adults. The information in reports shows that a number of States are not taking \u000bsufficient account of the fact that this is an unconditional requirement of the Covenant. It is the  Committee’s opinion that, as is clear from the text of the Covenant, deviation from States parties’ obligations under subparagraph 2 (b) cannot be justified by any consideration whatsoever.",
        "Labels": []
    },
    {
        "ID": "3.",
        "Text": "In a number of cases, the information appearing in reports with respect to paragraph 3 of the article has contained no concrete mention either of legislative or administrative measures or of practical steps to promote the reformation and social rehabilitation of prisoners, by, for example, education, vocational training and useful work. Allowing visits, in particular by family members, is normally also such a measure which is required for reasons of humanity. There are also similar lacunae in the reports of certain States with respect to information concerning juvenile offenders, who must be segregated from adults and given treatment appropriate to their age and legal status.",
        "Labels": []
    },
    {
        "ID": "4.",
        "Text": "The Committee further notes that the principles of humane treatment and respect for human dignity set out in paragraph 1 are the basis for the more specific and limited obligations of States in the field of criminal justice set out in paragraphs 2 and 3 of article 10. The segregation of accused persons from convicted ones is required in order to emphasize their status as unconvicted persons who are at the same time protected by the presumption of innocence stated in article 14, paragraph 2. The aim of these provisions is to protect the groups mentioned, and the requirements contained therein should be seen in that light. Thus, for example, the segregation and treatment of juvenile offenders should be provided for in such a way that it promotes their reformation and social rehabilitation.",
        "Labels": []
    }
]