[
    {
        "ID": "1.",
        "Text": "This general comment arises out of the Committee’s experiences of reviewing States parties’ reports.  In many cases, very little information has been offered about early childhood, with comments limited mainly to child mortality, birth registration and health care.  The Committee felt the need for a discussion on the broader implications of the Convention on the Rights of the Child for young children.  Accordingly, in 2004, the Committee devoted its day of general discussion to the theme “Implementing child rights in early childhood”.  This resulted in a set of recommendations (see CRC/C/143, sect. VII) as well as the decision to prepare a general comment on this important topic.  Through this general comment, the Committee wishes to encourage recognition that young children are holders of all rights enshrined in the Convention and that early childhood is a critical period for the realization of these rights.  The Committee’s working definition of “early childhood” is all young children:  at birth and throughout infancy; during the preschool years; as well as during the transition to school (see paragraph 4 below).",
        "Labels": [
            "Children"
        ]
    },
    {
        "ID": "2.",
        "Text": "The objectives of the general comment are:\r\n(a) To strengthen understanding of the human rights of all young children and to draw States parties’ attention to their obligations towards young children;\r\n(b) To comment on the specific features of early childhood that impact on the realization of rights;\r\n(c) To encourage recognition of young children as social actors from the beginning of life, with particular interests, capacities and vulnerabilities, and of requirements for protection, guidance and support in the exercise of their rights;\r\n(d) To draw attention to diversities within early childhood that need to be taken into account when implementing the Convention, including diversities in young children’s circumstances, in the quality of their experiences and in the influences shaping their development;\r\n(e) To point to variations in cultural expectations and treatment of children, including local customs and practices that should be respected, except where they contravene the rights of the child;\r\n(f) To emphasize the vulnerability of young children to poverty, discrimination, family breakdown and multiple other adversities that violate their rights and undermine their well being;\r\n(g) To contribute to the realization of rights for all young children through formulation and promotion of comprehensive policies, laws, programmes, practices, professional training and research specifically focused on rights in early childhood.",
        "Labels": [
            "Children"
        ]
    },
    {
        "ID": "3.",
        "Text": "Young children are rights holders.  The Convention on the Rights of the Child defines a child as “every human being below the age of eighteen years unless under the law applicable to the child, majority is attained earlier” (art. 1).  Consequently, young children are holders of all the rights enshrined in the Convention.  They are entitled to special protection measures and, in accordance with their evolving capacities, the progressive exercise of their rights.  The Committee is concerned that in implementing their obligations under the Convention, States parties have not given sufficient attention to young children as rights holders and to the laws, policies and programmes required to realize their rights during this distinct phase of their childhood.  The Committee reaffirms that the Convention on the Rights of the Child is to be applied holistically in early childhood, taking account of the principle of the universality, indivisibility and interdependence of all human rights.",
        "Labels": [
            "Children"
        ]
    },
    {
        "ID": "4.",
        "Text": "Definition of early childhood.  Definitions of early childhood vary in different countries and regions, according to local traditions and the organization of primary school systems.  In some countries, the transition from preschool to school occurs soon after 4 years old.  In other countries, this transition takes place at around 7 years old.  In its consideration of rights in early childhood, the Committee wishes to include all young children:  at birth and throughout infancy; during the preschool years; as well as during the transition to school.  Accordingly, the Committee proposes as an appropriate working definition of early childhood the period below  the age of 8 years; States parties should review their obligations towards young children in the context of this definition.",
        "Labels": [
            "Children"
        ]
    },
    {
        "ID": "5.",
        "Text": "A positive agenda for early childhood.  The Committee encourages States parties to construct a positive agenda for rights in early childhood.  A shift away from traditional beliefs that regard early childhood mainly as a period for the socialization of the immature human being towards mature adult status is required.  The Convention requires that children, including the very youngest children, be respected as persons in their own right.  Young children should be recognized as active members of families, communities and societies, with their own concerns, interests and points of view.  For the exercise of their rights, young children have particular requirements for physical nurturance, emotional care and sensitive guidance, as well as for time and space for social play, exploration and learning.  These requirements can best be planned for within a framework of laws, policies and programmes for early childhood, including a plan for implementation and independent monitoring, for example through the appointment of a children’s rights commissioner, and through assessments of the impact of laws and policies on children (see general comment No. 2 (2002) on the role of independent human rights institutions, para. 19).",
        "Labels": [
            "Children"
        ]
    },
    {
        "ID": "6.",
        "Text": "Features of early childhood.  Early childhood is a critical period for realizing children’s rights.  During this period:\r\n(a) Young children experience the most rapid period of growth and change during the human lifespan, in terms of their maturing bodies and nervous systems, increasing mobility, communication skills and intellectual capacities, and rapid shifts in their interests and abilities;\r\n(b) Young children form strong emotional attachments to their parents or other caregivers, from whom they seek and require nurturance, care, guidance and protection, in ways that are respectful of their individuality and growing capacities;\r\n(c) Young children establish their own important relationships with children of the same age, as well as with younger and older children.  Through these relationships they learn to negotiate and coordinate shared activities, resolve conflicts, keep agreements and accept responsibility for others;\r\n(d) Young children actively make sense of the physical, social and cultural dimensions of the world they inhabit, learning progressively from their activities and their interactions with others, children as well as adults;\r\n(e) Young children’s earliest years are the foundation for their physical and mental health, emotional security, cultural and personal identity, and developing competencies;\r\n(f) Young children’s experiences of growth and development vary according to their individual nature, as well as their gender, living conditions, family organization, care arrangements and education systems;\r\n(g) Young children’s experiences of growth and development are powerfully shaped by cultural beliefs about their needs and proper treatment, and about their active role in family and community.",
        "Labels": [
            "Children"
        ]
    },
    {
        "ID": "7.",
        "Text": "Respecting the distinctive interests, experiences and challenges facing every young child is the starting point for realizing their rights during this crucial phase of their lives.",
        "Labels": [
            "Children"
        ]
    },
    {
        "ID": "8.",
        "Text": "Research into early childhood.  The Committee notes the growing body of theory and research which confirms that young children are best understood as social actors whose survival, well being and development are dependent on and built around close relationships.  These relationships are normally with a small number of key people, most often parents, members of the extended family and peers, as well as caregivers and other early childhood professionals.  At the same time, research into the social and cultural dimensions of early childhood draws attention to the diverse ways in which early development is understood and enacted, including varying expectations of the young child and arrangements for his or her care and education.  A feature of modern societies is that increasing numbers of young children are growing up in multicultural communities and in contexts marked by rapid social change, where beliefs and expectations about young children are also changing, including through greater recognition of their rights.  States parties are encouraged to draw on beliefs and knowledge about early childhood in ways that are appropriate to local circumstances and changing practices, and respect traditional values, provided these are not discriminatory, (article 2 of the Convention) nor prejudicial to children’s health and well being (art. 24.3), nor against their best interests (art. 3).  Finally, research has highlighted the particular risks to young children from malnutrition, disease, poverty, neglect, social exclusion and a range of other adversities.  It shows that proper prevention and intervention strategies during early childhood have the potential to impact positively on young children’s current well being and future prospects.  Implementing child rights in early childhood is thus an effective way to help prevent personal, social and educational difficulties during middle childhood and adolescence (see general comment No. 4 (2003) on adolescent health and development).",
        "Labels": [
            "Children",
            "Adolescents"
        ]
    },
    {
        "ID": "9.",
        "Text": "The Committee has identified articles 2, 3, 6 and 12 of the Convention as general principles (see general comment No. 5 (2003) on the general measures of implementation of the Convention).  Each principle has implications for rights in early childhood.",
        "Labels": []
    },
    {
        "ID": "10.",
        "Text": "Right to life, survival and development.  Article 6 refers to the child’s inherent right to life and States parties’ obligation to ensure, to the maximum extent possible, the survival and development of the child.  States parties are urged to take all possible measures to improve perinatal care for mothers and babies, reduce infant and child mortality, and create conditions that promote the well being of all young children during this critical phase of their lives.  Malnutrition and preventable diseases continue to be major obstacles to realizing rights in early childhood.  Ensuring survival and physical health are priorities, but States parties are reminded that article 6 encompasses all aspects of development, and that a young child’s health and psychosocial well being are in many respects interdependent.  Both may be put at risk by adverse living conditions, neglect, insensitive or abusive treatment and restricted opportunities for realizing human potential.  Young children growing up in especially difficult circumstances require particular attention (see section VI below).  The Committee reminds States parties (and others concerned) that the right to survival and development can only be implemented in a holistic manner, through the enforcement of all the other provisions of the Convention, including rights to health, adequate nutrition, social security, an adequate standard of living, a healthy and safe environment, education and play (arts. 24, 27, 28, 29 and 31), as well as through respect for the responsibilities of parents and the provision of assistance and quality services (arts. 5 and 18).  From an early age, children should themselves be included in activities promoting good nutrition and a healthy and disease preventing lifestyle.",
        "Labels": [
            "Children"
        ]
    },
    {
        "ID": "11.",
        "Text": "Right to non discrimination.  Article 2 ensures rights to every child, without discrimination of any kind.  The Committee urges States parties to identify the implications of this principle for realizing rights in early childhood:\r\n(a) Article 2 means that young children in general must not be discriminated against on any grounds, for example where laws fail to offer equal protection against violence for all children, including young children.  Young children are especially at risk of discrimination because they are relatively powerless and depend on others for the realization of their rights;\r\n(b) Article 2 also means that particular groups of young children must not be discriminated against.  Discrimination may take the form of reduced levels of nutrition; inadequate care and attention; restricted opportunities for play, learning and education; or inhibition of free expression of feelings and views.  Discrimination may also be expressed through harsh treatment and unreasonable expectations, which may be exploitative or abusive.  For example:\r\n(i) Discrimination against girl children is a serious violation of rights, affecting their survival and all areas of their young lives as well as restricting their capacity to contribute positively to society.  They may be victims of selective abortion, genital mutilation, neglect and infanticide, including through inadequate feeding in infancy. They may be expected to undertake excessive family responsibilities and deprived of opportunities to participate in early childhood and primary education;\r\n(ii) Discrimination against children with disabilities reduces survival prospects and quality of life. These children are entitled to the care, nutrition, nurturance and encouragement offered other children. They may also require additional, special assistance in order to ensure their integration and the realization of their rights;\r\n(iii) Discrimination against children infected with or affected by HIV/AIDS deprives them of the help and support they most require. Discrimination may be found within public policies, in the provision of and access to services, as well as in everyday practices that violate these children’s rights (see also paragraph 27);\r\n(iv) Discrimination related to ethnic origin, class/caste, personal circumstances and lifestyle, or political and religious beliefs (of children or their parents) excludes children from full participation in society. It affects parents’ capacities to fulfil their responsibilities towards their children. It affects children’s opportunities and self esteem, as well as encouraging resentment and conflict among children and adults;\r\n(v) Young children who suffer multiple discrimination (e.g. related to ethnic origin, social and cultural status, gender and/or disabilities) are especially at risk.",
        "Labels": [
            "Women/girls",
            "Children",
            "Persons with disabilities"
        ]
    },
    {
        "ID": "12.",
        "Text": "Young children may also suffer the consequences of discrimination against their parents, for example if children have been born out of wedlock or in other circumstances that deviate from traditional values, or if their parents are refugees or asylum seekers.  States parties have a responsibility to monitor and combat discrimination in whatever forms it takes and wherever it occurs   within families, communities, schools or other institutions.  Potential discrimination in access to quality services for young children is a particular concern, especially where health, education, welfare and other services are not universally available and are provided through a combination of State, private and charitable organizations.  As a first step, the Committee encourages States parties to monitor the availability of and access to quality services that contribute to young children’s survival and development, including through systematic data collection, disaggregated in terms of major variables related to children’s and families’ background and circumstances.  As a second step, actions may be required that guarantee that all children have an equal opportunity to benefit from available services.  More generally, States parties should raise awareness about discrimination against young children in general, and against vulnerable groups in particular.",
        "Labels": [
            "Refugees & asylum-seekers",
            "Children",
            "Persons affected by armed conflict"
        ]
    },
    {
        "ID": "13.",
        "Text": "Best interests of the child.  Article 3 sets out the principle that the best interests of the child are a primary consideration in all actions concerning children.  By virtue of their relative immaturity, young children are reliant on responsible authorities to assess and represent their rights and best interests in relation to decisions and actions that affect their well being, while taking account of their views and evolving capacities.  The principle of best interests appears repeatedly within the Convention (including in articles 9, 18, 20 and 21, which are most relevant to early childhood).  The principle of best interests applies to all actions concerning children and requires active measures to protect their rights and promote their survival, growth, and well being, as well as measures to support and assist parents and others who have day to day responsibility for realizing children’s rights:\r\n(a) Best interests of individual children.  All decision making concerning a child’s care, health, education, etc. must take account of the best interests principle, including decisions by parents, professionals and others responsible for children.  States parties are urged to make provisions for young children to be represented independently in all legal proceedings by someone who acts for the child’s interests, and for children to be heard in all cases where they are capable of expressing their opinions or preferences;\r\n(b) Best interests of young children as a group or constituency.  All law and policy development, administrative and judicial decision making and service provision that affect children must take account of the best interests principle.  This includes actions directly affecting children (e.g. related to health services, care systems, or schools), as well as actions that indirectly impact on young children (e.g. related to the environment, housing or transport).",
        "Labels": [
            "Children"
        ]
    },
    {
        "ID": "14.",
        "Text": "Respect for the views and feelings of the young child.  Article 12 states that the child has a right to express his or her views freely in all matters affecting the child, and to have them taken into account.  This right reinforces the status of the young child as an active participant in the promotion, protection and monitoring of their rights.  Respect for the young child’s agency   as a participant in family, community and society   is frequently overlooked, or rejected as inappropriate on the grounds of age and immaturity.  In many countries and regions, traditional beliefs have emphasized young children’s need for training and socialization.  They have been regarded as undeveloped, lacking even basic capacities for understanding, communicating and making choices.  They have been powerless within their families, and often voiceless and invisible within society.  The Committee wishes to emphasize that article 12 applies both to younger and to older children.  As holders of rights, even the youngest children are entitled to express their views, which should be “given due weight in accordance with the age and maturity of the child” (art. 12.1).  Young children are acutely sensitive to their surroundings and very rapidly acquire understanding of the people, places and routines in their lives, along with awareness of their own unique identity.  They make choices and communicate their feelings, ideas and wishes in numerous ways, long before they are able to communicate through the conventions of spoken or written language.  In this regard:\r\n(a) The Committee encourages States parties to take all appropriate measures to ensure that the concept of the child as rights holder with freedom to express views and the right to be consulted in matters that affect him or her is implemented from the earliest stage in ways appropriate to the child’s capacities, best interests, and rights to protection from harmful experiences;\r\n(b) The right to express views and feelings should be anchored in the child’s daily life at home (including, when applicable, the extended family) and in his or her community; within the full range of early childhood health, care and education facilities, as well as in legal proceedings; and in the development of policies and services, including through research and consultations;\r\n(c) States parties should take all appropriate measures to promote the active involvement of parents, professionals and responsible authorities in the creation of opportunities for young children to progressively exercise their rights within their everyday activities in all relevant settings, including by providing training in the necessary skills.  To achieve the right of participation requires adults to adopt a child centred attitude, listening to young children and respecting their dignity and their individual points of view.  It also requires adults to show patience and creativity by adapting their expectations to a young child’s interests, levels of understanding and preferred ways of communicating.",
        "Labels": [
            "Children"
        ]
    },
    {
        "ID": "15.",
        "Text": "A crucial role for parents and other primary caregivers.  Under normal circumstances, a young child’s parents play a crucial role in the achievement of their rights, along with other members of family, extended family or community, including legal guardians, as appropriate.  This is fully recognized within the Convention (especially article 5), along with the obligation on States parties to provide assistance, including quality childcare services (especially article 18).  The preamble to the Convention refers to the family as “the fundamental group of society and the natural environment for the growth and well being of all its members and particularly children”.  The Committee recognizes that “family” here refers to a variety of arrangements that can provide for young children’s care, nurturance and development, including the nuclear family, the extended family, and other traditional and modern community based arrangements, provided these are consistent with children’s rights and best interests.",
        "Labels": []
    },
    {
        "ID": "16.",
        "Text": "Parents/primary caregivers and children’s best interests.  The responsibility vested in parents and other primary caregivers is linked to the requirement that they act in children’s best interests.  Article 5 states that parents’ role is to offer appropriate direction and guidance in “the exercise by the child of the rights in the … Convention”.  This applies equally to younger as to older children.  Babies and infants are entirely dependent on others, but they are not passive recipients of care, direction and guidance.  They are active social agents, who seek protection, nurturance and understanding from parents or other caregivers, which they require for their survival, growth and well being.  Newborn babies are able to recognize their parents (or other caregivers) very soon after birth, and they engage actively in non verbal communication.  Under normal circumstances, young children form strong mutual attachments with their parents or primary caregivers.  These relationships offer children physical and emotional security, as well as consistent care and attention.  Through these relationships children construct a personal identity and acquire culturally valued skills, knowledge and behaviours.  In these ways, parents (and other caregivers) are normally the major conduit through which young children are able to realize their rights.",
        "Labels": [
            "Children"
        ]
    },
    {
        "ID": "17.",
        "Text": "Evolving capacities as an enabling principle.  Article 5 draws on the concept of “evolving capacities” to refer to processes of maturation and learning whereby children progressively acquire knowledge, competencies and understanding, including acquiring understanding about their rights and about how they can best be realized.  Respecting young children’s evolving capacities is crucial for the realization of their rights, and especially significant during early childhood, because of the rapid transformations in children’s physical, cognitive, social and emotional functioning, from earliest infancy to the beginnings of schooling.  Article 5 contains the principle that parents (and others) have the responsibility to continually adjust the levels of support and guidance they offer to a child.  These adjustments take account of a child’s interests and wishes as well as the child’s capacities for autonomous decision making and comprehension of his or her best interests.  While a young child generally requires more guidance than an older child, it is important to take account of individual variations in the capacities of children of the same age and of their ways of reacting to situations.  Evolving capacities should be seen as a positive and enabling process, not an excuse for authoritarian practices that restrict children’s autonomy and self expression and which have traditionally been justified by pointing to children’s relative immaturity and their need for socialization.  Parents (and others) should be encouraged to offer “direction and guidance” in a child centred way, through dialogue and example, in ways that enhance young children’s capacities to exercise their rights, including their right to participation (art. 12) and their right to freedom of thought, conscience and religion (art. 14). ",
        "Labels": [
            "Children"
        ]
    },
    {
        "ID": "18.",
        "Text": "Respecting parental roles.  Article 18 of the Convention reaffirms that parents or legal guardians have the primary responsibility for promoting children’s development and well being, with the child’s best interests as their basic concern (arts. 18.1 and 27.2).  States parties should respect the primacy of parents, mothers and fathers.  This includes the obligation not to separate children from their parents, unless it is in the child’s best interests (art. 9).  Young children are especially vulnerable to adverse consequences of separations because of their physical dependence on and emotional attachment to their parents/primary caregivers.  They are also less able to comprehend the circumstances of any separation.  Situations which are most likely to impact negatively on young children include neglect and deprivation of adequate parenting; parenting under acute material or psychological stress or impaired mental health; parenting in isolation; parenting which is inconsistent, involves conflict between parents or is abusive towards children; and situations where children experience disrupted relationships (including enforced separations), or where they are provided with low quality institutional care.  The Committee urges States parties to take all necessary steps to ensure that parents are able to take primary responsibility for their children; to support parents in fulfilling their responsibilities, including by reducing harmful deprivations, disruptions and distortions in children’s care; and to take action where young children’s well being may be at risk.  States parties’ overall goals should include reducing the number of young children abandoned or orphaned, as well as minimizing the numbers requiring institutional or other forms of long term care, except where this is judged to be in a young child’s best interests (see also section VI below).",
        "Labels": [
            "Children"
        ]
    },
    {
        "ID": "19.",
        "Text": "Social trends and the role of the family.  The Convention emphasizes that “both parents have common responsibilities for the upbringing and development of the child”, with fathers and mothers recognized as equal caregivers (art. 18.1).  The Committee notes that in practice family patterns are variable and changing in many regions, as is the availability of informal networks of support for parents, with an overall trend towards greater diversity in family size, parental roles and arrangements for bringing up children.  These trends are especially significant for young children, whose physical, personal and psychological development is best provided for within a small number of consistent, caring relationships.  Typically, these relationships are with some combination of mother, father, siblings, grandparents and other members of the extended family, along with professional caregivers specialized in childcare and education.  The Committee acknowledges that each of these relationships can make a distinctive contribution to the fulfilment of children’s rights under the Convention and that a range of family patterns may be consistent with promoting children’s well being.  In some countries and regions, shifting social attitudes towards family, marriage and parenting are impacting on young children’s experiences of early childhood, for example following family separations and reformations.  Economic pressures also impact on young children, for example, where parents are forced to work far away from their families and their communities.  In other countries and regions, the illness and death of one or both parents or other kin due to HIV/AIDS is now a common feature of early childhood.  These and many other factors impact on parents’ capacities to fulfil their responsibilities towards children.  More generally, during periods of rapid social change, traditional practices may no longer be viable or relevant to present parental circumstances and lifestyles, but without sufficient time having elapsed for new practices to be assimilated and new parental competencies understood and valued.",
        "Labels": []
    },
    {
        "ID": "20.",
        "Text": "Assistance to parents.  States parties are required to render appropriate assistance to parents, legal guardians and extended families in the performance of their child rearing responsibilities (arts. 18.2 and 18.3), including assisting parents in providing living conditions necessary for the child’s development (art. 27.2) and ensuring that children receive necessary protection and care (art. 3.2).  The Committee is concerned that insufficient account is taken of the resources, skills and personal commitment required of parents and others responsible for young children, especially in societies where early marriage and parenthood is still sanctioned as well as in societies with a high incidence of young, single parents.  Early childhood is the period of most extensive (and intensive) parental responsibilities related to all aspects of children’s well being covered by the Convention:  their survival, health, physical safety and emotional security, standards of living and care, opportunities for play and learning, and freedom of expression.  Accordingly, realizing children’s rights is in large measure dependent on the well being and resources available to those with responsibility for their care.  Recognizing these interdependencies is a sound starting point for planning assistance and services to parents, legal guardians and other caregivers.  For example:\r\n(a) An integrated approach would include interventions that impact indirectly on parents’ ability to promote the best interests of children (e.g. taxation and benefits, adequate housing, working hours) as well as those that have more immediate consequences (e.g. perinatal health services for mother and baby, parent education, home visitors);\r\n(b) Providing adequate assistance should take account of the new roles and skills required of parents, as well as the ways that demands and pressures shift during early childhood   for example, as children become more mobile, more verbally communicative, more socially competent, and as they begin to participate in programmes of care and education;\r\n(c) Assistance to parents will include provision of parenting education, parent counselling and other quality services for mothers, fathers, siblings, grandparents and others who from time to time may be responsible for promoting the child’s best interests;\r\n(d) Assistance also includes offering support to parents and other family members in ways that encourage positive and sensitive relationships with young children and enhance understanding of children’s rights and best interests.",
        "Labels": [
            "Children"
        ]
    },
    {
        "ID": "21.",
        "Text": "Appropriate assistance to parents can best be achieved as part of comprehensive policies for early childhood (see section V below), including provision for health, care and education during the early years.  States parties should ensure that parents are given appropriate support to enable them to involve young children fully in such programmes, especially the most disadvantaged and vulnerable groups.  In particular, article 18.3 acknowledges that many parents are economically active, often in poorly paid occupations which they combine with their parental responsibilities.  Article 18.3 requires States parties to take all appropriate measures to ensure that children of working parents have the right to benefit from childcare services, maternity protection and facilities for which they are eligible.  In this regard, the Committee recommends that States parties ratify the Maternity Protection Convention, 2000 (No. 183) of the International Labour Organization.",
        "Labels": [
            "Children"
        ]
    },
    {
        "ID": "22.",
        "Text": "Rights based, multisectoral strategies.  In many countries and regions, early childhood has received low priority in the development of quality services.  These services have often been fragmented.  They have frequently been the responsibility of several government departments at central and local levels, and their planning has often been piecemeal and uncoordinated.  In some cases, they have also been largely provided by the private and voluntary sector, without adequate resources, regulation or quality assurance. States parties are urged to develop rights based, coordinated, multisectoral strategies in order to ensure that children’s best interests are always the starting point for service planning and provision.  These should be based around a systematic and integrated approach to law and policy development in relation to all children up to 8 years old.  A comprehensive framework for early childhood services, provisions and facilities is required, backed up by information and monitoring systems.  Comprehensive services will be coordinated with the assistance provided to parents and will fully respect their responsibilities, as well as their circumstances and requirements (as in articles 5 and 18 of the Convention; see section IV above).  Parents should also be consulted and involved in the planning of comprehensive services.",
        "Labels": [
            "Children"
        ]
    },
    {
        "ID": "23.",
        "Text": "Programme standards and professional training appropriate to the age range.  The Committee emphasizes that a comprehensive strategy for early childhood must also take account of individual children’s maturity and individuality, in particular recognizing the changing developmental priorities for specific age groups (for example, babies, toddlers, preschool and early primary school groups), and the implications for programme standards and quality criteria.  States parties must ensure that the institutions, services and facilities responsible for early childhood conform to quality standards, particularly in the areas of health and safety, and that staff possess the appropriate psychosocial qualities and are suitable, sufficiently numerous and well trained.  Provision of services appropriate to the circumstances, age and individuality of young children requires that all staff be trained to work with this age group.  Work with young children should be socially valued and properly paid, in order to attract a highly qualified workforce, men as well as women.  It is essential that they have sound, up to date theoretical and practical understanding about children’s rights and development (see also paragraph 41); that they adopt appropriate child centred care practices, curricula and pedagogies; and that they have access to specialist professional resources and support, including a supervisory and monitoring system for public and private programmes, institutions and services.",
        "Labels": [
            "Children"
        ]
    },
    {
        "ID": "24.",
        "Text": "Access to services, especially for the most vulnerable.  The Committee calls on States parties to ensure that all young children (and those with primary responsibility for their well being) are guaranteed access to appropriate and effective services, including programmes of health, care and education specifically designed to promote their well being.  Particular attention should be paid to the most vulnerable groups of young children and to those who are at risk of discrimination (art. 2).  This includes girls, children living in poverty, children with disabilities, children belonging to indigenous or minority groups, children from migrant families, children who are orphaned or lack parental care for other reasons, children living in institutions, children living with mothers in prison, refugee and asylum seeking children, children infected with or affected by HIV/AIDS, and children of alcohol  or drug addicted parents (see also section VI). ",
        "Labels": [
            "Refugees & asylum-seekers",
            "Indigenous peoples",
            "Migrants",
            "Children"
        ]
    },
    {
        "ID": "25.",
        "Text": "Birth registration.  Comprehensive services for early childhood begin at birth.  The Committee notes that provision for registration of all children at birth is still a major challenge for many countries and regions.  This can impact negatively on a child’s sense of personal identity and children may be denied entitlements to basic health, education and social welfare.  As a first step in ensuring the rights to survival, development and access to quality services for all children (art. 6), the Committee recommends that States parties take all necessary measures to ensure that all children are registered at birth.  This can be achieved through a universal, well managed registration system that is accessible to all and free of charge.  An effective system must be flexible and responsive to the circumstances of families, for example by providing mobile registration units where appropriate.  The Committee notes that children who are sick or disabled are less likely to be registered in some regions and emphasizes that all children should be registered at birth, without discrimination of any kind (art. 2).  The Committee also reminds States parties of the importance of facilitating late registration of birth, and ensuring that children who have not been registered have equal access to health care, protection, education and other social services. ",
        "Labels": [
            "Children",
            "Persons with disabilities"
        ]
    },
    {
        "ID": "26.",
        "Text": "Standard of living and social security.  Young children are entitled to a standard of living adequate for their physical, mental, spiritual, moral and social development (art. 27).  The Committee notes with concern that even the most basic standard of living is not assured for millions of young children, despite widespread recognition of the adverse consequences of deprivation.  Growing up in relative poverty undermines children’s well being, social inclusion and self esteem and reduces opportunities for learning and development.  Growing up in conditions of absolute poverty has even more serious consequences, threatening children’s survival and their health, as well as undermining the basic quality of life.  States parties are urged to implement systematic strategies to reduce poverty in early childhood as well as combat its negative effects on children’s well being.  All possible means should be employed, including “material assistance and support programmes” for children and families (art. 27.3), in order to assure to young children a basic standard of living consistent with rights.  Implementing children’s right to benefit from social security, including social insurance, is an important element of any strategy (art. 26).",
        "Labels": [
            "Children",
            "Persons living in poverty",
            "Persons affected by armed conflict"
        ]
    },
    {
        "ID": "27.",
        "Text": "Health-care provision.  States parties should ensure that all children have access to the highest attainable standard of health care and nutrition during their early years, in order to reduce infant mortality and enable children to enjoy a healthy start in life (art. 24).  In particular:\r\n(a) States parties have a responsibility to ensure access to clean drinking water, adequate sanitation, appropriate immunization, good nutrition and medical services, which are essential for young children’s health, as is a stress free environment.  Malnutrition and disease have long term impacts on children’s physical health and development. They affect children’s mental state, inhibiting learning and social participation and reducing prospects for realizing their potential.  The same applies to obesity and unhealthy lifestyles;\r\n(b) States parties have a responsibility to implement children’s right to health by encouraging education in child health and development, including about the advantages of breastfeeding, nutrition, hygiene and sanitation.  Priority should also be given to the provision of appropriate prenatal and post natal health care for mothers and infants in order to foster healthy family child relationships, especially between a child and his or her mother (or other primary caregiver) (art. 24.2). Young children are themselves able to contribute to ensuring their personal health and encouraging healthy lifestyles among their peers, for example through participation in appropriate, child centred health education programmes;\r\n(c) The Committee wishes to draw States parties’ attention to the particular challenges of HIV/AIDS for early childhood.  All necessary steps should be taken to: (i) prevent infection of parents and young children, especially by intervening in chains of transmission, especially between father and mother and from mother to baby; (ii) provide accurate diagnoses, effective treatment and other forms of support for both parents and young children who are infected by the virus (including antiretroviral therapies); and (iii) ensure adequate alternative care for children who have lost parents or other primary caregivers due to HIV/AIDS, including healthy and infected orphans.  (See also general comment No. 3 (2003) on HIV/AIDS and the rights of the child.) ",
        "Labels": [
            "Children",
            "Children in alternative care"
        ]
    },
    {
        "ID": "28.",
        "Text": "Early childhood education.  The Convention recognizes the right of the child to education, and primary education should be made compulsory and available free to all (art. 28).  The Committee recognizes with appreciation that some States parties are planning to make one year of preschool education available and free of cost for all children.  The Committee interprets the right to education during early childhood as beginning at birth and closely linked to young children’s right to maximum development (art. 6.2).  Linking education to development is elaborated in article 29.1:  “States parties agree that the education of the child shall be directed to:  (a) the development of the child’s personality, talents and mental and physical abilities to their fullest potential”.  General comment No. 1 on the aims of education explains that the goal is to “empower the child by developing his or her skills, learning and other capacities, human dignity, self esteem and self confidence” and that this must be achieved in ways that are child centred, child friendly and reflect the rights and inherent dignity of the child (para. 2).  States parties are reminded that children’s right to education include all children, and that girls should be enabled to participate in education, without discrimination of any kind (art. 2).",
        "Labels": [
            "Women/girls",
            "Children"
        ]
    },
    {
        "ID": "29.",
        "Text": "Parental and public responsibilities for early childhood education.  The principle that parents (and other primary caregivers) are children’s first educators is well established and endorsed within the Convention’s emphasis on respect for the responsibilities of parents (sect. IV above).  They are expected to provide appropriate direction and guidance to young children in the exercise of their rights, and provide an environment of reliable and affectionate relationships based on respect and understanding (art. 5).  The Committee invites States parties to make this principle a starting point for planning early education, in two respects:\r\n(a) In providing appropriate assistance to parents in the performance of their child rearing responsibilities (art. 18.2), States parties should take all appropriate measures to enhance parents’ understanding of their role in their children’s early education, encourage child rearing practices which are child centred, encourage respect for the child’s dignity and provide opportunities for developing understanding, self esteem and self confidence;\r\n(b) In planning for early childhood, States parties should at all times aim to provide programmes that complement the parents’ role and are developed as far as possible in partnership with parents, including through active cooperation between parents, professionals and others in developing “the child’s personality, talents and mental and physical abilities to their fullest potential” (art. 29.1 (a)).",
        "Labels": [
            "Children"
        ]
    },
    {
        "ID": "30.",
        "Text": "The Committee calls on States parties to ensure that all young children receive education in the broadest sense (as outlined in paragraph 28 above), which acknowledges a key role for parents, wider family and community, as well as the contribution of organized programmes of early childhood education provided by the State, the community or civil society institutions.  Research evidence demonstrates the potential for quality education programmes to have a positive impact on young children’s successful transition to primary school, their educational progress and their long term social adjustment.  Many countries and regions now provide comprehensive early education starting at 4 years old, which in some countries is integrated with childcare for working parents.  Acknowledging that traditional divisions between “care” and “education” services have not always been in children’s best interests, the concept of “Educare” is sometimes used to signal a shift towards integrated services, and reinforces the recognition of the need for a coordinated, holistic, multisectoral approach to early childhood.",
        "Labels": [
            "Children"
        ]
    },
    {
        "ID": "31.",
        "Text": "Community based programmes.  The Committee recommends that States parties support early childhood development programmes, including home  and community based preschool programmes, in which the empowerment and education of parents (and other caregivers) are main features.  States parties have a key role to play in providing a legislative framework for the provision of quality, adequately resourced services, and for ensuring that standards are tailored to the circumstances of particular groups and individuals and to the developmental priorities of particular age groups, from infancy through to transition into school.  They are encouraged to construct high quality, developmentally appropriate and culturally relevant programmes and to achieve this by working with local communities rather by imposing a standardized approach to early childhood care and education.  The Committee also recommends that States parties pay greater attention to, and actively support, a rights based approach to early childhood programmes, including initiatives surrounding transition to primary school that ensure continuity and progression, in order to build children’s confidence, communication skills and enthusiasm for learning through their active involvement in, among others, planning activities.",
        "Labels": []
    },
    {
        "ID": "32.",
        "Text": "The private sector as service provider.  With reference to its recommendations adopted during its 2002 day of general discussion on “The private sector as service provider and its role in implementing child rights” (see CRC/C/121, paras. 630 653), the Committee recommends that States parties support the activities of the non governmental sector as a channel for programme implementation.  It further calls on all non State service providers (“for profit” as well as “non profit” providers) to respect the principles and provisions of the Convention and, in this regard, reminds States parties of their primary obligation to ensure its implementation.  Early childhood professionals   in both the State and non State sectors   should be provided with thorough preparation, ongoing training and adequate remuneration.  In this context, States parties are responsible for service provision for early childhood development.  The role of civil society should be complementary to   not a substitute for   the role of the State.  Where non State services play a major role, the Committee reminds States parties that they have an obligation to monitor and regulate the quality of provision to ensure that children’s rights are protected and their best interests served.",
        "Labels": [
            "Children"
        ]
    },
    {
        "ID": "33.",
        "Text": "Human rights education in early childhood.  In light of article 29 and the Committee’s general comment No. 1 (2001), the Committee also recommends that States parties include human rights education within early childhood education.  Such education should be participatory and empowering to children, providing them with practical opportunities to exercise their rights and responsibilities in ways adapted to their interests, concerns and evolving capacities.  Human rights education of young children should be anchored in everyday issues at home, in childcare centres, in early education programmes and other community settings with which young children can identify.",
        "Labels": [
            "Children"
        ]
    },
    {
        "ID": "34.",
        "Text": "Right to rest, leisure and play.  The Committee notes that insufficient attention has been given by States parties and others to the implementation of the provisions of article 31 of the Convention, which guarantees “the right of the child to rest and leisure, to engage in play and recreational activities appropriate to the age of the child and to participate freely in cultural life and the arts”.  Play is one of the most distinctive features of early childhood.  Through play, children both enjoy and challenge their current capacities, whether they are playing alone or with others.  The value of creative play and exploratory learning is widely recognized in early childhood education.  Yet realizing the right to rest, leisure and play is often hindered by a shortage of opportunities for young children to meet, play and interact in child centred, secure, supportive, stimulating and stress free environments.  Children’s right to play space is especially at risk in many urban environments, where the design and density of housing, commercial centres and transport systems combine with noise, pollution and all manner of dangers to create a hazardous environment for young children.  Children’s right to play can also be frustrated by excessive domestic chores (especially affecting girls) or by competitive schooling.  Accordingly, the Committee appeals to States parties, non governmental organizations and private actors to identify and remove potential obstacles to the enjoyment of these rights by the youngest children, including as part of poverty reduction strategies.  Planning for towns, and leisure and play facilities should take account of children’s right to express their views (art. 12), through appropriate consultations.  In all these respects, States parties are encouraged to pay greater attention and allocate adequate resources (human and financial) to the implementation of the right to rest, leisure and play.",
        "Labels": [
            "Children",
            "Persons living in poverty"
        ]
    },
    {
        "ID": "35.",
        "Text": "Modern communications technologies and early childhood.  Article 17 recognizes the potential for both traditional print based media and modern information technology based mass media to contribute positively to the realization of children’s rights.  Early childhood is a specialist market for publishers and media producers, who should be encouraged to disseminate material that is appropriate to the capacities and interests of young children, socially and educationally beneficial to their well being, and which reflects the national and regional diversities of children’s circumstances, culture and language.  Particular attention should be given to the need of minority groups for access to media that promote their recognition and social inclusion.  Article 17 (e) also refers to the role of States parties in ensuring that children are protected from inappropriate and potentially harmful material.  Rapid increases in the variety and accessibility of modern technologies, including Internet based media, are a particular cause for concern.  Young children are especially at risk if they are exposed to inappropriate or offensive material.  States parties are urged to regulate media production and delivery in ways that protect young children, as well as support parents/caregivers to fulfil their child rearing responsibilities in this regard (art. 18).",
        "Labels": [
            "Children"
        ]
    },
    {
        "ID": "36.",
        "Text": "Young children’s vulnerability to risks.  Throughout this general comment the Committee notes that large numbers of young children grow up in difficult circumstances that are frequently in violation of their rights.  Young children are especially vulnerable to the harm caused by unreliable, inconsistent relationships with parents and caregivers, or growing up in extreme poverty and deprivation, or being surrounded by conflict and violence or displaced from their homes as refugees, or any number of other adversities prejudicial to their well being.  Young children are less able to comprehend these adversities or resist harmful effects on their health, or physical, mental, spiritual, moral or social development.  They are especially at risk where parents or other caregivers are unable to offer adequate protection, whether due to illness, or death, or due to disruption to families or communities.  Whatever the difficult circumstances, young children require particular consideration because of the rapid developmental changes they are experiencing; they are more vulnerable to disease, trauma, and distorted or disturbed development, and they are relatively powerless to avoid or resist difficulties and are dependent on others to offer protection and promote their best interests.  In the following paragraphs, the Committee draws States parties’ attention to major difficult circumstances referred to in the Convention that have clear implications for rights in early childhood.  This list is not exhaustive, and children may in any case be subject to multiple risks.  In general, the goal of States parties should be to ensure that every child, in every circumstance, receives adequate protection in fulfilment of their rights:\r\n(a) Abuse and neglect (art. 19).  Young children are frequent victims of neglect, maltreatment and abuse, including physical and mental violence.  Abuse very often happens within families, which can be especially destructive.  Young children are least able to avoid or resist, least able to comprehend what is happening and least able to seek the protection of others.  There is compelling evidence that trauma as a result of neglect and abuse has negative impacts on development, including, for the very youngest children, measurable effects on processes of brain maturation.  Bearing in mind the prevalence of abuse and neglect in early childhood and the evidence that it has long term repercussions, States parties should take all necessary measures to safeguard young children at risk and offer protection to victims of abuse, taking positive steps to support their recovery from trauma while avoiding stigmatization for the violations they have suffered;\r\n(b) Children without families (art. 20 and 21).  Children’s rights to development are at serious risk when they are orphaned, abandoned or deprived of family care or when they suffer long term disruptions to relationships or separations (e.g. due to natural disasters or other emergencies, epidemics such as HIV/AIDS, parental imprisonment, armed conflicts, wars and forced migration).  These adversities will impact on children differently depending on their personal resilience, their age and their circumstances, as well as the availability of wider sources of support and alternative care.  Research suggests that low quality institutional care is unlikely to promote healthy physical and psychological development and can have serious negative consequences for long term social adjustment, especially for children under 3 but also for children under 5 years old.  To the extent that alternative care is required, early placement in family based or family like care is more likely to produce positive outcomes for young children.  States parties are encouraged to invest in and support forms of alternative care that can ensure security, continuity of care and affection, and the opportunity for young children to form long term attachments based on mutual trust and respect, for example through fostering, adoption and support for members of extended families.  Where adoption is envisaged “the best interests of the child shall be the paramount consideration” (art. 21), not just “a primary consideration” (art. 3), systematically bearing in mind and respecting all relevant rights of the child and obligations of States parties set out elsewhere in the Convention and recalled in the present general comment;\r\n(c) Refugees (art. 22).  Young children who are refugees are most likely to be disoriented, having lost much that is familiar in their everyday surroundings and relationships.  They and their parents are entitled to equal access to health care, education and other services.  Children who are unaccompanied or separated from their families are especially at risk.  The Committee offers detailed guidance on the care and protection of these children in general comment No. 6 (2005) on the treatment of unaccompanied and separated children outside their country of origin;\r\n(d) Children with disabilities (art. 23).  Early childhood is the period during which disabilities are usually identified and the impact on children’s well being and development recognized.  Young children should never be institutionalized solely on the grounds of disability.  It is a priority to ensure that they have equal opportunities to participate fully in education and community life, including by the removal of barriers that impede the realization of their rights.  Young disabled children are entitled to appropriate specialist assistance, including support for their parents (or other caregivers).  Disabled children should at all times be treated with dignity and in ways that encourage their self reliance.  (See also the recommendations from the Committee’s 1997 day of general discussion on “The rights of children with disabilities” contained in document CRC/C/66.);\r\n(e) Harmful work (art. 32).  In some countries and regions, children are socialized to work from an early age, including in activities that are potentially hazardous, exploitative and damaging to their health, education and long term prospects.  For example, young children may be initiated into domestic work or agricultural labour, or assist parents or siblings engaged in hazardous activities.  Even very young babies may be vulnerable to economic exploitation, as when they are used or hired out for begging.  Exploitation of young children in the entertainment industry, including television, film, advertising and other modern media, is also a cause for concern.  States parties have particular responsibilities in relation to extreme forms of hazardous child labour identified in the Worst Forms of Child Labour Convention, 1999 (No. 182) of the ILO;\r\n(f) Substance abuse (art. 33).  While very young children are only rarely likely to be substance abusers, they may require specialist health care if born to alcohol  or drug addicted mothers, and protection where family members are abusers and they are at risk of exposure to drugs.  They may also suffer adverse consequences of alcohol or drug abuse on family living standards and quality of care, as well as being at risk of early initiation into substance abuse;\r\n(g) Sexual abuse and exploitation (art. 34).  Young children, especially girls, are vulnerable to early sexual abuse and exploitation within and outside families.  Young children in difficult circumstances are at particular risk, for example girl children employed as domestic workers.  Young children may also be victims of producers of pornography; this is covered by the Optional Protocol to the Convention on the Rights of the Child on the sale of children, child prostitution and child pornography of 2002;\r\n(h) Sale, trafficking and abduction of children (art. 35).  The Committee has frequently expressed concern about evidence of the sale and trafficking of abandoned and separated children for various purposes.  As far as the youngest age groups are concerned, these purposes can include adoption, particularly (though not solely) by foreigners.  In addition to the Optional Protocol on the sale of children, child prostitution and child pornography, the 1993 Hague Convention on Protection of Children and Cooperation in Respect of Intercountry Adoption provides a framework and mechanism for preventing abuses in this sphere, and the Committee has therefore always consistently and strongly urged all States parties that recognize and/or permit adoption to ratify or accede to this treaty.  Universal birth registration, in addition to international cooperation, can help to combat this violation of rights;\r\n(i) Deviant behaviour and lawbreaking (art. 40).  Under no circumstances should young children (defined as under 8 years old; see paragraph 4) be included in legal definitions of minimum age of criminal responsibility.  Young children who misbehave or violate laws require sympathetic help and understanding, with the goal of increasing their capacities for personal control, social empathy and conflict resolution.  States parties should ensure that parents/caregivers are provided adequate support and training to fulfil their responsibilities (art. 18) and that young children have access to quality early childhood education and care, and (where appropriate) specialist guidance/therapies.",
        "Labels": [
            "Refugees & asylum-seekers",
            "Women/girls",
            "Children",
            "Persons with disabilities",
            "Persons living in poverty",
            "Persons affected by armed conflict",
            "Internally displaced persons",
            "Children in alternative care"
        ]
    },
    {
        "ID": "37.",
        "Text": "In each of these circumstances, and in the case of all other forms of exploitation (art. 36), the Committee urges States parties to incorporate the particular situation of young children into all legislation, policies and interventions to promote physical and psychological recovery and social reintegration within an environment that promotes dignity and self respect (art. 39).",
        "Labels": [
            "Children"
        ]
    },
    {
        "ID": "38.",
        "Text": "Resource allocation for early childhood.  In order to ensure that young children’s rights are fully realized during this crucial phase of their lives (and bearing in mind the impact of early childhood experiences on their long term prospects), States parties are urged to adopt comprehensive, strategic and time bound plans for early childhood within a rights based framework.  This requires an increase in human and financial resource allocations for early childhood services and programmes (art. 4).  The Committee acknowledges that States parties implementing child rights in early childhood do so from very different starting points, in terms of existing infrastructures for early childhood policies, services and professional training, as well as levels of resources potentially available to allocate to early childhood.  The Committee also acknowledges that States parties may be faced with competing priorities to implement rights throughout childhood, for example where universal health services and primary education have still not been achieved.  It is nonetheless important that there be sufficient public investment in services, infrastructure and overall resources specifically allocated to early childhood, for the many reasons set out in this general comment.  In this connection, States parties are encouraged to develop strong and equitable partnerships between the Government, public services, non governmental organizations, the private sector and families to finance comprehensive services in support of young children’s rights.  Finally, the Committee emphasizes that where services are decentralized, this should not be to the disadvantage of young children.",
        "Labels": [
            "Children"
        ]
    },
    {
        "ID": "39.",
        "Text": "Data collection and management.  The Committee reiterates the importance of comprehensive and up to date quantitative and qualitative data on all aspects of early childhood for the formulation, monitoring and evaluation of progress achieved, and for assessment of the impact of policies.  The Committee is aware that many States parties lack adequate national data collection systems on early childhood for many areas covered by the Convention, and in particular that specific and disaggregated information on children in the early years is not readily available.  The Committee urges all States parties to develop a system of data collection and indicators consistent with the Convention and disaggregated by gender, age, family structure, urban and rural residence, and other relevant categories.  This system should cover all children up to the age of 18 years, with specific emphasis on early childhood, particularly children belonging to vulnerable groups.  ",
        "Labels": [
            "Children",
            "Persons living in rural/remote areas"
        ]
    },
    {
        "ID": "40.",
        "Text": "Capacity building for research in early childhood.  The Committee noted earlier in this general comment that extensive research has been carried out on aspects of children’s health, growth, and cognitive, social and cultural development, on the influence of both positive and negative factors on their well being, and on the potential impact of early childhood care and education programmes.  Increasingly, research is also being carried out on early childhood from a human rights perspective, notably on ways that children’s participatory rights can be respected, including through their participation in the research process.  Theory and evidence from early childhood research has a great deal to offer in the development of policies and practices, as well as in the monitoring and evaluation of initiatives and the education and training of all responsible for the well being of young children.  But the Committee also draws attention to the limitations of current research, through its focus mainly on early childhood in a limited range of contexts and regions of the world.  As part of planning for early childhood, the Committee encourages States parties to develop national and local capacities for early childhood research, especially from a rights based perspective. ",
        "Labels": []
    },
    {
        "ID": "41.",
        "Text": "Training for rights in early childhood.  Knowledge and expertise about early childhood are not static but change over time.  This is due variously to social trends impacting on the lives of young children, their parents and other caregivers, changing policies and priorities for their care and education, innovations in childcare, curricula and pedagogy, as well as the emergence of new research.  Implementing child rights in early childhood sets challenges for all those responsible for children, as well as for children themselves as they gain an understanding of their role in their families, schools and communities.  States parties are encouraged to undertake systematic child rights training for children and their parents, as well as for all professionals working for and with children, in particular parliamentarians, judges, magistrates, lawyers, law enforcement officials, civil servants, personnel in institutions and places of detention for children, teachers, health personnel, social workers and local leaders.  Furthermore, the Committee urges States parties to conduct awareness raising campaigns for the public at large.",
        "Labels": [
            "Children",
            "Persons deprived of their liberty"
        ]
    },
    {
        "ID": "42.",
        "Text": "International assistance.  Acknowledging the resource constraints affecting many States parties seeking to implement the comprehensive provisions outlined in this general comment, the Committee recommends that donor institutions, including the World Bank, other United Nations bodies and bilateral donors support early childhood development programmes financially and technically, and that it be one of their main targets in assisting sustainable development in countries receiving international assistance.  Effective international cooperation can also strengthen capacity building for early childhood, in terms of policy development, programme development, research and professional training.",
        "Labels": []
    },
    {
        "ID": "43.",
        "Text": "Looking forward.  The Committee urges all States parties, inter governmental organizations, non governmental organizations, academics, professional groups and grass roots communities to continue advocating for the establishment of independent institutions on children’s rights and foster continuous, high level policy dialogues and research on the crucial importance of quality in early childhood, including dialogues at international, national, regional and local levels.",
        "Labels": []
    }
]