[
    {
        "ID": "1. ",
        "Text": "In its general recommendation No. 19 (1992) on violence against women, adopted at its eleventh session, the Committee clarified that discrimination against women, as defined in article 1 of the Convention, included gender-based violence, that is “violence which is directed against a woman because she is a woman or that affects women disproportionately”, and that it constituted a violation of their human rights.",
        "Labels": [
            "Women/girls"
        ]
    },
    {
        "ID": "2. ",
        "Text": "For more than 25 years, in their practice, States parties have endorsed the Committee’s interpretation. The opinio juris and State practice suggest that the prohibition of gender-based violence against women has evolved into a principle of customary international law. General recommendation No. 19 has been a key catalyst for that process.",
        "Labels": [
            "Women/girls"
        ]
    },
    {
        "ID": "3.",
        "Text": "Acknowledging those developments, and the work of the Special Rapporteur on violence against women, its causes and consequences, and of the human rights treaty bodies and the special procedures mandate holders of the Human Rights Council, the Committee has decided to mark the twenty-fifth anniversary of the adoption of general recommendation No. 19 by providing States parties with further guidance aimed at accelerating the elimination of gender-based violence against women.",
        "Labels": []
    },
    {
        "ID": "4. ",
        "Text": "The Committee acknowledges that civil society groups, especially women’s non-governmental organizations, have prioritized the elimination of gender-based violence against women; their activities have had a profound social and political impact, contributing to the recognition of gender-based violence against women as a human rights violation and to the adoption of laws and policies to address it.",
        "Labels": [
            "Women/girls"
        ]
    },
    {
        "ID": "5. ",
        "Text": "In its concluding observations on the periodic reports of States parties under the Convention and the related follow-up procedures, general recommendations, statements, and views and recommendations issued in response to communications and inquiries under the Optional Protocol to the Convention, the Committee condemns gender-based violence against women, in all its forms, wherever it occurs. Through those mechanisms, the Committee has also clarified standards for eliminating such violence and the obligations of States parties in that regard.",
        "Labels": []
    },
    {
        "ID": "6. ",
        "Text": "Despite those advances, gender-based violence against women, whether committed by States, intergovernmental organizations or non-State actors, including private persons and armed groups, remains pervasive in all countries, with high levels of impunity. It manifests itself on a continuum of multiple, interrelated and recurring forms, in a range of settings, from private to public, including technology-mediated settings and in the contemporary globalized world it transcends national boundaries.",
        "Labels": []
    },
    {
        "ID": "7. ",
        "Text": "In many States, legislation addressing gender-based violence against women is non-existent, inadequate or poorly implemented. An erosion of the legal and policy frameworks that aim to eliminate gender-based discrimination or violence, often justified in the name of tradition, culture, religion or fundamentalist ideology, and significant reductions in public spending, often as part of so-called “austerity measures” following economic and financial crises, further weaken States responses. In the context of shrinking democratic spaces and the consequent deterioration of the rule of law, all of those factors contribute to the pervasiveness of gender-based violence against women and lead to a culture of impunity.",
        "Labels": [
            "Women/girls"
        ]
    },
    {
        "ID": "8. ",
        "Text": "The present general recommendation complements and updates the guidance to States parties set out in general recommendation No. 19 and should be read in conjunction with it.",
        "Labels": []
    },
    {
        "ID": "9. ",
        "Text": "The concept of “violence against women”, as defined in general recommendation No. 19 and other international instruments and documents, has places an emphasis on the fact that such violence is gender-based. Accordingly, in the present recommendation, the term “gender-based violence against women” is used as a more precise term that makes explicit the gendered causes and impacts of the violence. The term further strengthens the understanding of the violence as a social rather than an individual problem, requiring comprehensive responses, beyond those to specific events, individual perpetrators and victims/survivors.",
        "Labels": []
    },
    {
        "ID": "10.",
        "Text": "The Committee considers that gender-based violence against women is one of the fundamental social, political and economic means by which the subordinate position of women with respect to men and their stereotyped roles are perpetuated. Throughout its work, the Committee has made clear that such violence is a critical obstacle to the achievement of substantive equality between women and men and to the enjoyment by women of their human rights and fundamental freedoms, as enshrined in the Convention.",
        "Labels": [
            "Women/girls"
        ]
    },
    {
        "ID": "11.",
        "Text": "In general recommendation No. 28 (2010) on the core obligations of States parties under article 2 of the Convention, it is indicated that the obligations of States are to respect, protect and fulfil women’s rights to non-discrimination and the enjoyment of de jure and de facto equality. The scope of those obligations in relation to gender-based violence against women occurring in particular contexts is addressed in general recommendation No. 28 and other general recommendations, including general recommendation No. 26 (2008) on women migrant workers; general recommendation No. 27 (2010) on older women and the protection of their human rights; general recommendation No. 30 (2013) on women in conflict prevention, conflict and post-conflict situations; joint general recommendation No. 31 of the Committee on the Elimination of Discrimination against Women/general comment No. 18 of the Committee on the Rights of the Child (2014) on harmful practices; general recommendation No. 32 (2014) on the gender-related dimensions of refugee status, asylum, nationality and statelessness of women; general recommendation No. 33 (2015) on women’s access to justice; and general recommendation No. 34 (2016) on the rights of rural women. Further details on the relevant elements of the general recommendations referred to herein may be found in those recommendations.",
        "Labels": [
            "Refugees & asylum-seekers",
            "Migrants",
            "Women/girls",
            "Children",
            "Persons living in rural/remote areas",
            "Persons affected by armed conflict"
        ]
    },
    {
        "ID": "12. ",
        "Text": "In general recommendation No. 28 and general recommendation No. 33, the Committee confirmed that discrimination against women was inextricably linked to other factors that affected their lives. The Committee, in its jurisprudence, has highlighted the fact that such factors include women’s ethnicity/race, indigenous or minority status, colour, socioeconomic status and/or caste, language, religion or belief, political opinion, national origin, marital status, maternity, parental status, age, urban or rural location, health status, disability, property ownership, being lesbian, bisexual, transgender or intersex, illiteracy, seeking asylum, being a refugee, internally displaced or stateless, widowhood, migration status, heading households, living with HIV/AIDS, being deprived of liberty, and being in prostitution, as well as trafficking in women, situations of armed conflict, geographical remoteness and the stigmatization of women who fight for their rights, including human rights defenders. Accordingly, because women experience varying and intersecting forms of discrimination, which have an aggravating negative impact, the Committee acknowledges that gender-based violence may affect some women to different degrees, or in different ways, meaning that appropriate legal and policy responses are needed.",
        "Labels": [
            "Indigenous peoples",
            "Migrants",
            "Women/girls",
            "LGBTI+",
            "Persons living in rural/remote areas",
            "Internally displaced persons"
        ]
    },
    {
        "ID": "13. ",
        "Text": "The Committee recalls article 23 of the Convention, in which it is indicated that any provisions in national legislation or international treaties other than the Convention that are more conducive to the achievement of equality between women and men will prevail over the obligations in the Convention and, accordingly, the recommendations in the present general recommendation. The Committee notes that States parties’ action to address gender-based violence against women is affected by reservations that they maintain to the Convention. It also notes that, as a human rights treaty body, the Committee may assess the permissibility of reservations formulated by States parties, and reiterates its view that reservations, especially to article 2 or article 16, the compliance with which is particularly crucial in efforts to eliminate gender-based violence against women, are incompatible with the object and purpose of the Convention and thus impermissible under article 28 (2).",
        "Labels": [
            "Women/girls"
        ]
    },
    {
        "ID": "14. ",
        "Text": "Gender-based violence affects women throughout their life cycle and, accordingly, references to women in the present document include girls. Such violence takes multiple forms, including acts or omissions intended or likely to cause or result in death or physical, sexual, psychological or economic harm or suffering to women, threats of such acts, harassment, coercion and arbitrary deprivation of liberty. Gender-based violence against women is affected and often exacerbated by cultural, economic, ideological, technological, political, religious, social and environmental factors, as evidenced, among other things, in the contexts of displacement, migration, the increased globalization of economic activities, including global supply chains, the extractive and offshoring industry, militarization, foreign occupation, armed conflict, violent extremism and terrorism. Gender-based violence against women is also affected by political, economic and social crises, civil unrest, humanitarian emergencies, natural disasters and the destruction or degradation of natural resources. Harmful practices and crimes against women human rights defenders, politicians, activists or journalists are also forms of gender-based violence against women affected by such cultural, ideological and political factors.",
        "Labels": [
            "Women/girls"
        ]
    },
    {
        "ID": "15. ",
        "Text": "Women’s right to a life free from gender-based violence is indivisible from and interdependent on other human rights, including the rights to life, health, liberty and security of the person, equality and equal protection within the family, freedom from torture, cruel, inhumane or degrading treatment, and freedom of expression, movement, participation, assembly and association.",
        "Labels": []
    },
    {
        "ID": "16. ",
        "Text": "Gender-based violence against women may amount to torture or cruel, inhuman or degrading treatment in certain circumstances, including in cases of rape, domestic violence or harmful practices. In certain cases, some forms of gender-based violence against women may also constitute international crimes.",
        "Labels": [
            "Women/girls"
        ]
    },
    {
        "ID": "17. ",
        "Text": "The Committee endorses the view of other human rights treaty bodies and special procedures mandate holders that, in determining when acts of gender-based violence against women amount to torture or cruel, inhuman or degrading treatment, a gender-sensitive approach is required to understand the level of pain and suffering experienced by women, and that the purpose and intent requirements for classifying such acts as torture are satisfied when acts or omissions are gender-specific or perpetrated against a person on the basis of sex.",
        "Labels": [
            "Women/girls"
        ]
    },
    {
        "ID": "18. ",
        "Text": "Violations of women’s sexual and reproductive health and rights, such as forced sterilization, forced abortion, forced pregnancy, criminalization of abortion, denial or delay of safe abortion and/or post-abortion care, forced continuation of pregnancy, and abuse and mistreatment of women and girls seeking sexual and reproductive health information, goods and services, are forms of gender-based violence that, depending on the circumstances, may amount to torture or cruel, inhuman or degrading treatment.",
        "Labels": [
            "Women/girls",
            "Children"
        ]
    },
    {
        "ID": "19. ",
        "Text": "The Committee regards gender-based violence against women as being rooted in gender-related factors, such as the ideology of men’s entitlement and privilege over women, social norms regarding masculinity, and the need to assert male control or power, enforce gender roles or prevent, discourage or punish what is considered to be unacceptable female behaviour. Those factors also contribute to the explicit or implicit social acceptance of gender-based violence against women, often still considered a private matter, and to the widespread impunity in that regard.",
        "Labels": [
            "Women/girls"
        ]
    },
    {
        "ID": "20. ",
        "Text": "Gender-based violence against women occurs in all spaces and spheres of human interaction, whether public or private, including in the contexts of the family, the community, public spaces, the workplace, leisure, politics, sport, health services and educational settings, and the redefinition of public and private through technology-mediated environments, such as contemporary forms of violence occurring online and in other digital environments. In all those settings, gender-based violence against women can result from acts or omissions of State or non‑State actors, acting territorially or extraterritorially, including extraterritorial military actions of States, individually or as members of international or intergovernmental organizations or coalitions, or extraterritorial operations of private corporations.",
        "Labels": [
            "Women/girls"
        ]
    },
    {
        "ID": "21. ",
        "Text": "Gender-based violence against women constitutes discrimination against women under article 1 and therefore engages all obligations under the Convention. Article 2 provides that the overarching obligation of States parties is to pursue by all appropriate means and without delay a policy of eliminating discrimination against women, including gender-based violence against women. That is an obligation of an immediate nature; delays cannot be justified on any grounds, including economic, cultural or religious grounds. In general recommendation No. 19, it is indicated that, with regard to gender-based violence against women, the obligation comprises two aspects of State responsibility for such violence, that which results from the acts or omissions of both the State party or its actors, on the one hand, and non-State actors, on the other.",
        "Labels": [
            "Women/girls"
        ]
    },
    {
        "ID": "22. ",
        "Text": "Under the Convention and general international law, a State party is responsible for acts or omissions of its organs and agents that constitute gender-based violence against women, which include the acts or omissions of officials in its executive, legislative and judicial branches. Article 2 (d) of the Convention provides that States parties, and their organs and agents, are to refrain from engaging in any act or practice of direct or indirect discrimination against women and ensure that public authorities and institutions act in conformity with that obligation. Besides ensuring that laws, policies, programmes and procedures do not discriminate against women, in accordance with articles 2 (c) and (g), States parties must have an effective and accessible legal and legal services framework in place to address all forms of gender-based violence against women committed by State agents, whether on their territory or extraterritorially.",
        "Labels": [
            "Women/girls"
        ]
    },
    {
        "ID": "23. ",
        "Text": "States parties are responsible for preventing such acts or omissions by their own organs and agents, including through training and the adoption, implementation and monitoring of legal provisions, administrative regulations and codes of conduct, and for investigating, prosecuting and applying appropriate legal or disciplinary sanctions, as well as providing reparation, in all cases of gender-based violence against women, including those constituting international crimes, and in cases of failure, negligence or omission on the part of public authorities. In so doing, the diversity of women and the risks of intersecting forms of discrimination should be taken into consideration.",
        "Labels": [
            "Women/girls"
        ]
    },
    {
        "ID": "24. ",
        "Text": "Under general international law, as well as under international treaties, acts or omissions of a private actor may engage the international responsibility of the State in certain cases, which include the following:\r\n(a)The acts or omissions of private actors empowered by the law of that State to exercise elements of governmental authority, including private bodies providing public services, such as health care or education, or operating places of detention, are considered acts attributable to the State itself, as are the acts or omissions of private agents acting on the instruction or under the direction or control of that State, including when operating abroad;\r\n(b)Article 2 (e) of the Convention explicitly provides that States parties are to take all appropriate measures to eliminate discrimination against women by any person, organization or enterprise. That obligation, frequently referred to as an obligation of due diligence, underpins the Convention as a whole and accordingly States parties will be held responsible should they fail to take all appropriate measures to prevent, as well as to investigate, prosecute, punish and provide reparations for, acts or omissions by non-State actors that result in gender-based violence against women, including actions taken by corporations operating extraterritorially. In particular, States parties are required to take the steps necessary to prevent human rights violations perpetrated abroad by corporations over which they may exercise influence, whether through regulatory means or the use of incentives, including economic incentives. Under the obligation of due diligence, States parties must adopt and implement diverse measures to tackle gender-based violence against women committed by non-State actors, including having laws, institutions and a system in place to address such violence and ensuring that they function effectively in practice and are supported by all State agents and bodies who diligently enforce the laws. The failure of a State party to take all appropriate measures to prevent acts of gender-based violence against women in cases in which its authorities are aware or should be aware of the risk of such violence, or the failure to investigate, to prosecute and punish perpetrators and to provide reparations to victims/survivors of such acts, provides tacit permission or encouragement to perpetrate acts of gender-based violence against women. Such failures or omissions constitute human rights violations.",
        "Labels": [
            "Women/girls"
        ]
    },
    {
        "ID": "25.",
        "Text": "In addition, both international humanitarian law and human rights law have recognized the direct obligations of non-State actors in specific circumstances, including as parties to an armed conflict. Those obligations include the prohibition of torture, which is part of customary international law and has become a peremptory norm (jus cogens).",
        "Labels": []
    },
    {
        "ID": "26. ",
        "Text": "The general obligations described above encompass all areas of State action, including in the legislative, executive and judicial branches and at the federal, national, subnational, local and decentralized levels, as well as action under governmental authority by privatized governmental services. They require the formulation of legal norms, including at the constitutional level, and the design of public policies, programmes, institutional frameworks and monitoring mechanisms aimed at eliminating all forms of gender-based violence against women, whether perpetrated by State or non-State actors. They also require, in accordance with articles 2 (f) and 5 (a) of the Convention, the adoption and implementation of measures to eradicate prejudices, stereotypes and practices that are the root causes of gender-based violence against women. In general terms, and without prejudice to the specific recommendations provided in the following section, the obligations include the following:\r\n(a)According to articles 2 (b), (c), (e), (f) and (g) and 5 (a), States are required to adopt legislation prohibiting all forms of gender-based violence against women and girls, harmonizing national law with the Convention. In the legislation, women who are victims/survivors of such violence should be considered to be right holders. It should contain age-sensitive and gender-sensitive provisions and effective legal protection, including sanctions on perpetrators and reparations to victims/survivors. The Convention provides that any existing norms of religious, customary, indigenous and community justice systems are to be harmonized with its standards and that all laws that constitute discrimination against women, including those which cause, promote or justify gender-based violence or perpetuate impunity for such acts, are to be repealed. Such norms may be part of statutory, customary, religious, indigenous or common law, constitutional, civil, family, criminal or administrative law or evidentiary and procedural law, such as provisions based on discriminatory or stereotypical attitudes or practices that allow for gender-based violence against women or mitigate sentences in that context;\r\n(b)Articles 2 (c), (d) and (f) and 5 (a) provide that States parties are to adopt and adequately provide budgetary resources for diverse institutional measures, in coordination with the relevant State branches. Such measures include the design of focused public policies, the development and implementation of monitoring mechanisms and the establishment and/or funding of competent national tribunals. States parties should provide accessible, affordable and adequate services to protect women from gender-based violence, prevent its reoccurrence and provide or ensure funding for reparations to all victims/survivors. States parties must also eliminate the institutional practices and individual conduct and behaviour of public officials that constitute gender-based violence against women, or tolerate such violence, and that provide a context for lack of a response or for a negligent response. This includes adequate investigation of and sanctions for inefficiency, complicity and negligence by public authorities responsible for the registration, prevention or investigation of such violence or for providing services to victims/survivors. Appropriate measures to modify or eradicate customs and practices that constitute discrimination against women, including those that justify or promote gender-based violence against women, must also be taken at the executive level;\r\n(c)According to articles 2 (d) and (f) and 5 (a), all judicial bodies are required to refrain from engaging in any act or practice of discrimination or gender-based violence against women and to strictly apply all criminal law provisions punishing such violence, ensuring that all legal procedures in cases involving allegations of gender-based violence against women are impartial, fair and unaffected by gender stereotypes or the discriminatory interpretation of legal provisions, including international law. The application of preconceived and stereotypical notions of what constitutes gender-based violence against women, what women’s responses to such violence should be and the standard of proof required to substantiate its occurrence can affect women’s rights to equality before the law, a fair trial and effective remedy, as established in articles 2 and 15 of the Convention.",
        "Labels": [
            "Indigenous peoples",
            "Women/girls"
        ]
    },
    {
        "ID": "27. ",
        "Text": "Building on general recommendation No. 19 and the Committee’s work since its adoption, the Committee urges States parties to strengthen the implementation of their obligations in relation to gender-based violence against women, whether within their territory or extraterritorially. The Committee reiterates its call upon States parties to ratify the Optional Protocol to the Convention and examine all remaining reservations to the Convention with a view to their withdrawal.",
        "Labels": []
    },
    {
        "ID": "28. ",
        "Text": "The Committee also recommends that States parties take the following measures in the areas of prevention, protection, prosecution and punishment, redress, data collection and monitoring and international cooperation in order to accelerate elimination of gender-based violence against women. All measures should be implemented with an approach centred around the victim/survivor, acknowledging women as right holders and promoting their agency and autonomy, including the evolving capacity of girls, from childhood to adolescence. In addition, the measures should be designed and implemented with the participation of women, taking into account the particular situation of women affected by intersecting forms of discrimination.",
        "Labels": [
            "Women/girls"
        ]
    },
    {
        "ID": "29. ",
        "Text": "The Committee recommends that States parties implement the following legislative measures:\r\n(a)Ensure that all forms of gender-based violence against women in all spheres, which amount to a violation of their physical, sexual or psychological integrity, are criminalized and introduce, without delay, or strengthen, legal sanctions commensurate with the gravity of the offence, as well as civil remedies;\r\n(b)Ensure that all legal systems, including plural legal systems, protect victims/survivors of gender-based violence against women and ensure that they have access to justice and to an effective remedy, in line with the guidance provided in general recommendation No. 33;\r\n(c)Repeal, including in customary, religious and indigenous laws, all legal provisions that are discriminatory against women and thereby enshrine, encourage, facilitate, justify or tolerate any form of gender-based violence. In particular, repeal the following:\r\n(i)Provisions that allow, tolerate or condone forms of gender-based violence against women, including child or forced marriage and other harmful practices, provisions allowing medical procedures to be performed on women with disabilities without their informed consent and provisions that criminalize abortion, being lesbian, bisexual or transgender, women in prostitution and adultery, or any other criminal provisions that affect women disproportionally, including those resulting in the discriminatory application of the death penalty to women;\r\n(ii)Discriminatory evidentiary rules and procedures, including procedures allowing for the deprivation of women’s liberty to protect them from violence, practices focused on “virginity” and legal defences or mitigating factors based on culture, religion or male privilege, such as the defence of so-called “honour”, traditional apologies, pardons from the families of victims/survivors or the subsequent marriage of the victim/survivor of sexual assault to the perpetrator, procedures that result in the harshest penalties, including stoning, lashing and death, often being reserved for women and judicial practices that disregard a history of gender-based violence to the detriment of women defendants;\r\n(iii)All laws that prevent or deter women from reporting gender-based violence, such as guardianship laws that deprive women of legal capacity or restrict the ability of women with disabilities to testify in court, the practice of so-called “protective custody”, restrictive immigration laws that discourage women, including migrant domestic workers, from reporting such violence, and laws allowing for dual arrests in cases of domestic violence or for the prosecution of women when the perpetrator is acquitted;\r\n(d)Examine gender-neutral laws and policies to ensure that they do not create or perpetuate existing inequalities and repeal or modify them if they do so;\r\n(e)Ensure that sexual assault, including rape, is characterized as a crime against the right to personal security and physical, sexual and psychological integrity and that the definition of sexual crimes, including marital and acquaintance or date rape, is based on the lack of freely given consent and takes into account coercive circumstances. Any time limitations, where they exist, should prioritize the interests of the victims/survivors and give consideration to circumstances hindering their capacity to report the violence suffered to the competent services or authorities.",
        "Labels": [
            "Indigenous peoples",
            "Migrants",
            "Women/girls",
            "Children",
            "Persons with disabilities",
            "LGBTI+"
        ]
    },
    {
        "ID": "30.",
        "Text": "The Committee recommends that States parties implement the following preventive measures:\r\n(a)Adopt and implement effective legislative and other appropriate preventive measures to address the underlying causes of gender-based violence against women, including patriarchal attitudes and stereotypes, inequality in the family and the neglect or denial of women’s civil, political, economic, social and cultural rights, and to promote the empowerment, agency and voices of women;\r\n(b)Develop and implement effective measures, with the active participation of all relevant stakeholders, such as representatives of women’s organizations and of marginalized groups of women and girls, to address and eradicate the stereotypes, prejudices, customs and practices set out in article 5 of the Convention, which condone or promote gender-based violence against women and underpin the structural inequality of women with men. Such measures should include the following:\r\n(i)Integration of content on gender equality into curricula at all levels of education, both public and private, from early childhood onwards and into education programmes with a human rights approach. The content should target stereotyped gender roles and promote the values of gender equality and non-discrimination, including non-violent masculinities, and ensure age-appropriate, evidence-based and scientifically accurate comprehensive sexuality education for girls and boys;\r\n(ii)Awareness-raising programmes that promote an understanding of gender-based violence against women as unacceptable and harmful, provide information about available legal recourses against it and encourage the reporting of such violence and the intervention of bystanders; address the stigma experienced by victims/survivors of such violence; and dismantle the commonly held victim-blaming beliefs under which women are responsible for their own safety and for the violence that they suffer. The programmes should target women and men at all levels of society; education, health, social services and law enforcement personnel and other professionals and agencies, including at the local level, involved in prevention and protection responses; traditional and religious leaders; and perpetrators of any form of gender-based violence, so as to prevent repeat offending;\r\n(c)Develop and implement effective measures to make public spaces safe for and accessible to all women and girls, including by promoting and supporting community-based measures adopted with the participation of women’s groups. Measures should include ensuring adequate physical infrastructure, including lighting, in urban and rural settings, in particular in and around schools;\r\n(d)Adopt and implement effective measures to encourage the media to eliminate discrimination against women, including the harmful and stereotypical portrayal of women or specific groups of women, such as women human rights defenders, from their activities, practices and output, including in advertising, online and in other digital environments. Measures should include the following:\r\n(i)Encouraging the creation or strengthening of self-regulatory mechanisms by media organizations, including online or social media organizations, aimed at the elimination of gender stereotypes relating to women and men, or to specific groups of women, and addressing gender-based violence against women that takes place through their services and platforms;\r\n(ii)Guidelines for the appropriate coverage by the media of cases of gender-based violence against women;\r\n(iii)Establishing or strengthening the capacity of national human rights institutions to monitor or consider complaints regarding any media that portray gender-discriminatory images or content that objectify or demean women or promote violent masculinities;\r\n(e)Provide mandatory, recurrent and effective capacity-building, education and training for members of the judiciary, lawyers and law enforcement officers, including forensic medical personnel, legislators and health-care professionals, including in the area of sexual and reproductive health, in particular sexually transmitted infections and HIV prevention and treatment services, and all education, social and welfare personnel, including those working with women in institutions, such as residential care homes, asylum centres and prisons, to equip them to adequately prevent and address gender-based violence against women. Such education and training should promote understanding of the following:\r\n(i)How gender stereotypes and bias lead to gender-based violence against women and inadequate responses to it;\r\n(ii)Trauma and its effects, the power dynamics that characterize intimate partner violence and the varying situations of women experiencing diverse forms of gender-based violence, which should include the intersecting forms of discrimination affecting specific groups of women and adequate ways of interacting with women in the context of their work and eliminating factors that lead to their revictimization and weaken their confidence in State institutions and agents;\r\n(iii)National legal provisions and national institutions on gender-based violence against women, the legal rights of victims/survivors, international standards and associated mechanisms and their responsibilities in that context, which should include due coordination and referrals among diverse bodies and the adequate documentation of such violence, giving due respect for women’s privacy and right to confidentiality and with the free and informed consent of the victims/survivors;\r\n(f)Encourage, through the use of incentives and corporate responsibility models and other mechanisms, the engagement of the private sector, including businesses and transnational corporations, in efforts to eradicate all forms of gender-based violence against women and in enhancing its responsibility for such violence in the scope of its action, which should entail protocols and procedures addressing all forms of gender-based violence that may occur in the workplace or affect women workers, including effective and accessible internal complaints procedures, the use of which should not exclude recourse to law enforcement authorities, and should also address workplace entitlements for victims/survivors.",
        "Labels": [
            "Refugees & asylum-seekers",
            "Women/girls",
            "Children",
            "Persons living with HIV/AIDS",
            "Persons living in rural/remote areas"
        ]
    },
    {
        "ID": "31. ",
        "Text": "The Committee recommends that States parties implement the following protective measures:\r\n(a)Adopt and implement effective measures to protect and assist women complainants of and witnesses to gender-based violence before, during and after legal proceedings, including by:\r\n(i)Protecting their privacy and safety, in line with general recommendation No. 33, including through gender-sensitive court procedures and measures, bearing in mind the due process rights of victims/survivors, witnesses and defendants;\r\n(ii)Providing appropriate and accessible protective mechanisms to prevent further or potential violence, without the precondition that victims/survivors initiate legal action, including through removal of communication barriers for victims with disabilities. Mechanisms should include immediate risk assessment and protection comprising a wide range of effective measures and, where appropriate, the issuance and monitoring of eviction, protection, restraining or emergency barring orders against alleged perpetrators, including adequate sanctions for non-compliance. Protective measures should avoid imposing an undue financial, bureaucratic or personal burden on women who are victims/survivors. The rights or claims of perpetrators or alleged perpetrators during and after judicial proceedings, including with respect to property, privacy, child custody, access, contact and visitation, should be determined in the light of women’s and children’s human rights to life and physical, sexual and psychological integrity and guided by the principle of the best interests of the child;\r\n(iii)Ensuring access to financial assistance, gratis or low-cost, high-quality legal aid, medical, psychosocial and counselling services, education, affordable housing, land, childcare, training and employment opportunities for women who are victims/survivors and their family members. Health-care services should be responsive to trauma and include timely and comprehensive mental, sexual and reproductive health services, including emergency contraception and post-exposure prophylaxis against HIV. States should provide specialized women’s support services, such as gratis helplines operating around the clock and sufficient numbers of safe and adequately equipped crisis, support and referral centres and adequate shelters for women, their children and other family members, as required;\r\n(iv)Providing women in institutions, including residential care homes, asylum centres and places of deprivation of liberty, with protective and support measures in relation to gender-based violence;\r\n(v)Establishing and implementing appropriate multisectoral referral mechanisms to ensure effective access to comprehensive services for survivors of such violence, ensuring the full participation of and cooperation with non‑governmental women’s organizations;\r\n(b)Ensure that all legal proceedings, protective and support measures and services concerning victims/survivors respect and strengthen their autonomy. They should be accessible to all women, in particular those affected by intersecting forms of discrimination, take into account any specific needs of their children and other dependants, be available throughout the State party and be provided irrespective of residency status or ability or willingness to cooperate in legal proceedings against the alleged perpetrator. States should also respect the principle of non‑refoulement;\r\n(c)Address factors that heighten the risk to women of exposure to serious forms of gender-based violence, such as the ready accessibility and availability of firearms, including their export, a high crime rate and pervasive impunity, which may increase in situations of armed conflict or heightened insecurity. Efforts should be undertaken to control the availability and accessibility of acid and other substances used to attack women;\r\n(d)Develop and disseminate accessible information, through diverse and accessible media and community dialogue, aimed at women, in particular those affected by intersecting forms of discrimination, such as those with disabilities, those who are illiterate or those who have no or limited knowledge of the official languages of a country, on the legal and social resources available to victims/survivors, including reparations.",
        "Labels": [
            "Refugees & asylum-seekers",
            "Women/girls",
            "Children",
            "Persons affected by armed conflict"
        ]
    },
    {
        "ID": "32. ",
        "Text": "The Committee recommends that States parties implement the following measures with regard to prosecution and punishment for gender-based violence against women:\r\n(a)Ensure effective access for victims to courts and tribunals and that the authorities adequately respond to all cases of gender-based violence against women, including by applying criminal law and, as appropriate, ex officio prosecution to bring alleged perpetrators to trial in a fair, impartial, timely and expeditious manner and imposing adequate penalties. Fees or court charges should not be imposed on victims/survivors;\r\n(b)Ensure that gender-based violence against women is not mandatorily referred to alternative dispute resolution procedures, including mediation and conciliation. The use of those procedures should be strictly regulated and allowed only when a previous evaluation by a specialized team ensures the free and informed consent of victims/survivors and that there are no indicators of further risks to the victims/survivors or their family members. Procedures should empower the victims/survivors and be provided by professionals specially trained to understand and adequately intervene in cases of gender-based violence against women, ensuring adequate protection of the rights of women and children and that interventions are conducted with no stereotyping or revictimization of women. Alternative dispute resolution procedures should not constitute an obstacle to women’s access to formal justice.",
        "Labels": [
            "Women/girls",
            "Children"
        ]
    },
    {
        "ID": "33.",
        "Text": "The Committee recommends that States parties implement the following measures with regard to reparations:\r\n(a)Provide effective reparations to victims/survivors of gender-based violence against women. Reparations should include different measures, such as monetary compensation, the provision of legal, social and health services, including sexual, reproductive and mental health services for a complete recovery, and satisfaction and guarantees of non-repetition, in line with general recommendation No. 28, general recommendation No. 30 and general recommendation No. 33. Such reparations should be adequate, promptly attributed, holistic and proportionate to the gravity of the harm suffered;\r\n(b)Establish specific funds for reparations or include allocations in the budgets of existing funds, including under transitional justice mechanisms, for reparations to victims of gender-based violence against women. States parties should implement administrative reparations schemes without prejudice to the rights of victims/survivors to seek judicial remedies, design transformative reparations programmes that help to address the underlying discrimination or disadvantaged position that caused or significantly contributed to the violation, taking into account the individual, institutional and structural aspects. Priority should be given to the agency, wishes, decisions, safety, dignity and integrity of victims/survivors.",
        "Labels": []
    },
    {
        "ID": "34. ",
        "Text": "The Committee recommends that States parties implement the following measures with regard to coordination and monitoring and the collection of data regarding gender-based violence against women:\r\n(a)Develop and evaluate all legislation, policies and programmes in consultation with civil society organizations, in particular women’s organizations, including those that represent women affected by intersecting forms of discrimination. States parties should encourage cooperation among all levels and branches of the justice system and the organizations that work to protect and support victims/survivors of gender-based violence against women, taking into account their views and expertise. States parties should encourage the work of human rights organizations and women’s non-governmental organizations;\r\n(b)Establish a system to regularly collect, analyse and publish statistical data on the number of complaints about all forms of gender-based violence against women, including technology-mediated violence, the number and type of orders of protection issued, the rates of dismissal and withdrawal of complaints, prosecution and conviction and the amount of time taken for the disposal of cases. The system should include information on the sentences imposed on perpetrators and the reparations, including compensation, provided to victims/survivors. All data should be disaggregated by type of violence, relationship between the victim/survivor and the perpetrator, and in relation to intersecting forms of discrimination against women and other relevant sociodemographic characteristics, including the age of the victim/survivor. The analysis of the data should enable the identification of failures in protection and serve to improve and further develop preventive measures, which should, if necessary, include the establishment or designation of observatories for the collection of administrative data on the gender-based killings of women, also referred to as “femicide” or “feminicide”, and attempted killings of women;\r\n(c)Undertake or support surveys, research programmes and studies on gender-based violence against women in order to, among other things, assess the prevalence of gender-based violence against women and the social or cultural beliefs exacerbating such violence and shaping gender relations. Studies and surveys should take into account intersecting forms of discrimination, on the basis of the principle of self-identification;\r\n(d)Ensure that the process of collecting and maintaining data on gender-based violence against women complies with established international standards and safeguards, including legislation on data protection. The collection and use of data and statistics should conform to internationally accepted norms for the protection of human rights and fundamental freedoms and ethical principles;\r\n(e)Set up a mechanism or body, or mandate an existing mechanism or body, to regularly coordinate, monitor and assess the national, regional and local implementation and effectiveness of the measures, including those recommended in the present recommendation and other relevant regional and international standards and guidelines, to prevent and eliminate all forms of gender-based violence against women;\r\n(f)Allocate appropriate human and financial resources at the national, regional and local levels to effectively implement laws and policies for the prevention of all forms of gender-based violence against women, provision of protection and support to victims/survivors, investigation of cases, prosecution of perpetrators and provision of reparations to victims/survivors, including support to women’s organizations.",
        "Labels": [
            "Women/girls"
        ]
    },
    {
        "ID": "35.",
        "Text": "The Committee recommends that States parties implement the following measures with regard to international cooperation to combat gender-based violence against women:\r\n(a)Seek support, where necessary, from external sources, such as the specialized agencies of the United Nations system, the international community and civil society, in order to meet human rights obligations by designing and implementing all appropriate measures required to eliminate and respond to gender-based violence against women, taking into consideration, in particular, the evolving global contexts and the increasingly transnational nature of such violence, including in technology-mediated settings and other extraterritorial operations of domestic non-State actors. States parties should urge business actors whose conduct they are in a position to influence to assist the States in which they operate in their efforts to fully realize women’s right to freedom from violence;\r\n(b)Prioritize the implementation of the relevant Sustainable Development Goals, in particular Goals 5, to achieve gender equality and empowerment of all women and girls, and Goal 16, to promote peaceful and inclusive societies for sustainable development, provide access to justice and build effective, accountable and inclusive institutions at all levels; and support national plans to implement all the Goals in a gender-responsive manner, in accordance with the agreed conclusions of the sixtieth session of the Commission on the Status of Women on women’s empowerment and the link to sustainable development, enabling meaningful participation of civil society and women’s organizations in the implementation of the Goals and the follow-up processes, and enhance international support and cooperation for knowledge-sharing and effective and targeted capacity-building.",
        "Labels": [
            "Women/girls",
            "Persons affected by armed conflict"
        ]
    }
]